Date,Value
1998-12-31,0.03245
1999-01-04,0.03234
1999-01-05,0.03222
1999-01-06,0.03214
1999-01-07,0.03206
1999-01-08,0.03196
1999-01-11,0.03193
1999-01-12,0.0319
1999-01-13,0.03183
1999-01-14,0.03163
1999-01-15,0.03134
1999-01-18,0.03102
1999-01-19,0.03056
1999-01-20,0.03054
1999-01-21,0.03056
1999-01-22,0.03059
1999-01-25,0.03069
1999-01-26,0.0308
1999-01-27,0.0308
1999-01-28,0.03077
1999-01-29,0.03074
1999-02-01,0.03078
1999-02-02,0.03091
1999-02-03,0.03098
1999-02-04,0.03105
1999-02-05,0.03107
1999-02-08,0.03113
1999-02-09,0.03112
1999-02-10,0.03109
1999-02-11,0.03106
1999-02-12,0.031
1999-02-15,0.03099
1999-02-16,0.03092
1999-02-17,0.03086
1999-02-18,0.03079
1999-02-19,0.03077
1999-02-22,0.03075
1999-02-23,0.03076
1999-02-24,0.03079
1999-02-25,0.03087
1999-02-26,0.03098
1999-03-01,0.03099
1999-03-02,0.03115
1999-03-03,0.03112
1999-03-04,0.03111
1999-03-05,0.03104
1999-03-08,0.03093
1999-03-09,0.03087
1999-03-10,0.03081
1999-03-11,0.03074
1999-03-12,0.03047
1999-03-15,0.03039
1999-03-16,0.03036
1999-03-17,0.03038
1999-03-18,0.03032
1999-03-19,0.03027
1999-03-22,0.0302
1999-03-23,0.03019
1999-03-24,0.03014
1999-03-25,0.02998
1999-03-26,0.02991
1999-03-29,0.02985
1999-03-30,0.02981
1999-03-31,0.02971
1999-04-01,0.02942
1999-04-02,0.02929
1999-04-05,0.02929
1999-04-06,0.02905
1999-04-07,0.029
1999-04-08,0.02895
1999-04-09,0.0266
1999-04-12,0.02661
1999-04-13,0.02651
1999-04-14,0.02637
1999-04-15,0.02628
1999-04-16,0.02626
1999-04-19,0.02621
1999-04-20,0.0261
1999-04-21,0.02601
1999-04-22,0.02596
1999-04-23,0.02594
1999-04-26,0.02591
1999-04-27,0.0259
1999-04-28,0.02588
1999-04-29,0.02585
1999-04-30,0.02583
1999-05-03,0.02583
1999-05-04,0.02581
1999-05-05,0.02581
1999-05-06,0.02579
1999-05-07,0.02581
1999-05-10,0.02582
1999-05-11,0.02579
1999-05-12,0.02578
1999-05-13,0.02577
1999-05-14,0.0257
1999-05-17,0.02575
1999-05-18,0.02576
1999-05-19,0.02583
1999-05-20,0.02584
1999-05-21,0.02581
1999-05-24,0.02579
1999-05-25,0.02579
1999-05-26,0.02577
1999-05-27,0.02577
1999-05-28,0.02578
1999-05-31,0.02578
1999-06-01,0.02585
1999-06-02,0.02601
1999-06-03,0.02597
1999-06-04,0.02597
1999-06-07,0.02602
1999-06-08,0.026
1999-06-09,0.02603
1999-06-10,0.02605
1999-06-11,0.02619
1999-06-14,0.02623
1999-06-15,0.02625
1999-06-16,0.02628
1999-06-17,0.02632
1999-06-18,0.02632
1999-06-21,0.02637
1999-06-22,0.02645
1999-06-23,0.02647
1999-06-24,0.02649
1999-06-25,0.0266
1999-06-28,0.02664
1999-06-29,0.02667
1999-06-30,0.02669
1999-07-01,0.02655
1999-07-02,0.02663
1999-07-05,0.02662
1999-07-06,0.02663
1999-07-07,0.02663
1999-07-08,0.02664
1999-07-09,0.02665
1999-07-12,0.02665
1999-07-13,0.02666
1999-07-14,0.02664
1999-07-15,0.02663
1999-07-16,0.02693
1999-07-19,0.02699
1999-07-20,0.02703
1999-07-21,0.02697
1999-07-22,0.02681
1999-07-23,0.02685
1999-07-26,0.02685
1999-07-27,0.02685
1999-07-28,0.02685
1999-07-29,0.02686
1999-07-30,0.0269
1999-08-02,0.02697
1999-08-03,0.02705
1999-08-04,0.02702
1999-08-05,0.02701
1999-08-06,0.02699
1999-08-09,0.02703
1999-08-10,0.02704
1999-08-11,0.02703
1999-08-12,0.02703
1999-08-13,0.02704
1999-08-16,0.02704
1999-08-17,0.02702
1999-08-18,0.02678
1999-08-19,0.02677
1999-08-20,0.02684
1999-08-23,0.02684
1999-08-24,0.02686
1999-08-25,0.02686
1999-08-26,0.02686
1999-08-27,0.02691
1999-08-30,0.02695
1999-08-31,0.02697
1999-09-01,0.02699
1999-09-02,0.02698
1999-09-03,0.02696
1999-09-06,0.0269
1999-09-07,0.02688
1999-09-08,0.02687
1999-09-09,0.02689
1999-09-10,0.02692
1999-09-13,0.02693
1999-09-14,0.0269
1999-09-15,0.0269
1999-09-16,0.0269
1999-09-17,0.02687
1999-09-20,0.02681
1999-09-21,0.02684
1999-09-22,0.02687
1999-09-23,0.02698
1999-09-24,0.0269
1999-09-27,0.0269
1999-09-28,0.02698
1999-09-29,0.03084
1999-09-30,0.03086
1999-10-01,0.03126
1999-10-04,0.03225
1999-10-05,0.03252
1999-10-06,0.03292
1999-10-07,0.03317
1999-10-08,0.03263
1999-10-11,0.03277
1999-10-12,0.03298
1999-10-13,0.03358
1999-10-14,0.03379
1999-10-15,0.03429
1999-10-18,0.03433
1999-10-19,0.03429
1999-10-20,0.0345
1999-10-21,0.03474
1999-10-22,0.03457
1999-10-25,0.03451
1999-10-26,0.03485
1999-10-27,0.03501
1999-10-28,0.03502
1999-10-29,0.03491
1999-11-01,0.03501
1999-11-02,0.03528
1999-11-03,0.03531
1999-11-04,0.03517
1999-11-05,0.03505
1999-11-08,0.03492
1999-11-09,0.03461
1999-11-10,0.03461
1999-11-11,0.03462
1999-11-12,0.03452
1999-11-15,0.03449
1999-11-16,0.03449
1999-11-17,0.03449
1999-11-18,0.0345
1999-11-19,0.0345
1999-11-22,0.03453
1999-11-23,0.03451
1999-11-24,0.03446
1999-11-25,0.03444
1999-11-26,0.03445
1999-11-29,0.03445
1999-11-30,0.03448
1999-12-01,0.0345
1999-12-02,0.03451
1999-12-03,0.03454
1999-12-06,0.03459
1999-12-07,0.03461
1999-12-08,0.03461
1999-12-09,0.03461
1999-12-10,0.03457
1999-12-13,0.03455
1999-12-14,0.03456
1999-12-15,0.03456
1999-12-16,0.03458
1999-12-17,0.03465
1999-12-20,0.03466
1999-12-21,0.03466
1999-12-22,0.03458
1999-12-23,0.03447
1999-12-24,0.03449
1999-12-27,0.0345
1999-12-28,0.03449
1999-12-29,0.03345
1999-12-30,0.03339
2000-01-03,0.03338
2000-01-04,0.03343
2000-01-05,0.03341
2000-01-06,0.03331
2000-01-07,0.03322
2000-01-10,0.03317
2000-01-11,0.03315
2000-01-12,0.03322
2000-01-13,0.03322
2000-01-14,0.03321
2000-01-17,0.03316
2000-01-18,0.03313
2000-01-19,0.03308
2000-01-20,0.0331
2000-01-21,0.0331
2000-01-24,0.03317
2000-01-25,0.03322
2000-01-26,0.03332
2000-01-27,0.03428
2000-01-28,0.03486
2000-01-31,0.03492
2000-02-01,0.03496
2000-02-02,0.03489
2000-02-03,0.03498
2000-02-04,0.03493
2000-02-07,0.03496
2000-02-08,0.03496
2000-02-09,0.03492
2000-02-10,0.03487
2000-02-11,0.03491
2000-02-14,0.0349
2000-02-15,0.03487
2000-02-16,0.03488
2000-02-17,0.03489
2000-02-18,0.03531
2000-02-21,0.03612
2000-02-22,0.03625
2000-02-23,0.03632
2000-02-24,0.03632
2000-02-25,0.03598
2000-02-28,0.03616
2000-02-29,0.03634
2000-03-01,0.03633
2000-03-02,0.03642
2000-03-03,0.03632
2000-03-06,0.0364
2000-03-07,0.03646
2000-03-08,0.03669
2000-03-09,0.03714
2000-03-10,0.03736
2000-03-13,0.03779
2000-03-14,0.03786
2000-03-15,0.03794
2000-03-16,0.03805
2000-03-17,0.03771
2000-03-20,0.03769
2000-03-21,0.03766
2000-03-22,0.03766
2000-03-23,0.03767
2000-03-24,0.03772
2000-03-27,0.03797
2000-03-28,0.03812
2000-03-29,0.03821
2000-03-30,0.03834
2000-03-31,0.03831
2000-04-03,0.03833
2000-04-04,0.03834
2000-04-05,0.03832
2000-04-06,0.03834
2000-04-07,0.03861
2000-04-10,0.03876
2000-04-11,0.03901
2000-04-12,0.03917
2000-04-13,0.03923
2000-04-14,0.0392
2000-04-17,0.03918
2000-04-18,0.03937
2000-04-19,0.03948
2000-04-20,0.03963
2000-04-25,0.03998
2000-04-26,0.04036
2000-04-27,0.0403
2000-04-28,0.04094
2000-05-02,0.04104
2000-05-03,0.04183
2000-05-04,0.04289
2000-05-05,0.04323
2000-05-08,0.04314
2000-05-09,0.04319
2000-05-10,0.04303
2000-05-11,0.04288
2000-05-12,0.04328
2000-05-15,0.04329
2000-05-16,0.04336
2000-05-17,0.04432
2000-05-18,0.04476
2000-05-19,0.04461
2000-05-22,0.04481
2000-05-23,0.04471
2000-05-24,0.04448
2000-05-25,0.04428
2000-05-26,0.04401
2000-05-29,0.04397
2000-05-30,0.04401
2000-05-31,0.04453
2000-06-01,0.04467
2000-06-02,0.04465
2000-06-05,0.04427
2000-06-06,0.04428
2000-06-07,0.04412
2000-06-08,0.04416
2000-06-09,0.04552
2000-06-12,0.04549
2000-06-13,0.04548
2000-06-14,0.04534
2000-06-15,0.04506
2000-06-16,0.04476
2000-06-19,0.0447
2000-06-20,0.04486
2000-06-21,0.04518
2000-06-22,0.04518
2000-06-23,0.04529
2000-06-26,0.04544
2000-06-27,0.04551
2000-06-28,0.04547
2000-06-29,0.04548
2000-06-30,0.04547
2000-07-03,0.04551
2000-07-04,0.04547
2000-07-05,0.04544
2000-07-06,0.04535
2000-07-07,0.04538
2000-07-10,0.04537
2000-07-11,0.04539
2000-07-12,0.04541
2000-07-13,0.04548
2000-07-14,0.04558
2000-07-17,0.04562
2000-07-18,0.04566
2000-07-19,0.04625
2000-07-20,0.04636
2000-07-21,0.04624
2000-07-24,0.04624
2000-07-25,0.04626
2000-07-26,0.04631
2000-07-27,0.0463
2000-07-28,0.04638
2000-07-31,0.04641
2000-08-01,0.04636
2000-08-02,0.04639
2000-08-03,0.04642
2000-08-04,0.04644
2000-08-07,0.04639
2000-08-08,0.04637
2000-08-09,0.04644
2000-08-10,0.04648
2000-08-11,0.04711
2000-08-14,0.04784
2000-08-15,0.04786
2000-08-16,0.04824
2000-08-17,0.04841
2000-08-18,0.04832
2000-08-21,0.04844
2000-08-22,0.04871
2000-08-23,0.0487
2000-08-24,0.04864
2000-08-25,0.04902
2000-08-28,0.04919
2000-08-29,0.04915
2000-08-30,0.04893
2000-08-31,0.04888
2000-09-01,0.04829
2000-09-04,0.04816
2000-09-05,0.04824
2000-09-06,0.04833
2000-09-07,0.0487
2000-09-08,0.0486
2000-09-11,0.04863
2000-09-12,0.04861
2000-09-13,0.04846
2000-09-14,0.04831
2000-09-15,0.04809
2000-09-18,0.04816
2000-09-19,0.04816
2000-09-20,0.04818
2000-09-21,0.04815
2000-09-22,0.04811
2000-09-25,0.04827
2000-09-26,0.04884
2000-09-27,0.04885
2000-09-28,0.04999
2000-09-29,0.04996
2000-10-02,0.04991
2000-10-03,0.04985
2000-10-04,0.04981
2000-10-05,0.04981
2000-10-06,0.05021
2000-10-09,0.0502
2000-10-10,0.05016
2000-10-11,0.05007
2000-10-12,0.05007
2000-10-13,0.0499
2000-10-16,0.05009
2000-10-17,0.05018
2000-10-18,0.05016
2000-10-19,0.05025
2000-10-20,0.05039
2000-10-23,0.05064
2000-10-24,0.051
2000-10-25,0.05103
2000-10-26,0.05125
2000-10-27,0.05132
2000-10-30,0.05138
2000-10-31,0.0514
2000-11-01,0.05137
2000-11-02,0.05125
2000-11-03,0.05125
2000-11-06,0.05122
2000-11-07,0.05119
2000-11-08,0.05122
2000-11-09,0.05123
2000-11-10,0.05112
2000-11-13,0.05106
2000-11-14,0.05094
2000-11-15,0.05085
2000-11-16,0.05078
2000-11-17,0.05062
2000-11-20,0.05061
2000-11-21,0.0507
2000-11-22,0.05072
2000-11-23,0.0507
2000-11-24,0.05071
2000-11-27,0.05075
2000-11-28,0.05074
2000-11-29,0.05069
2000-11-30,0.05051
2000-12-01,0.05021
2000-12-04,0.05012
2000-12-05,0.05006
2000-12-06,0.04972
2000-12-07,0.04956
2000-12-08,0.04956
2000-12-11,0.04967
2000-12-12,0.04967
2000-12-13,0.04966
2000-12-14,0.04953
2000-12-15,0.04949
2000-12-18,0.04933
2000-12-19,0.04916
2000-12-20,0.04905
2000-12-21,0.04892
2000-12-22,0.04879
2000-12-27,0.0488
2000-12-28,0.04859
2000-12-29,0.04855
2001-01-02,0.04844
2001-01-03,0.04806
2001-01-04,0.04741
2001-01-05,0.04701
2001-01-08,0.04687
2001-01-09,0.04711
2001-01-10,0.04775
2001-01-11,0.04797
2001-01-12,0.048
2001-01-15,0.04815
2001-01-16,0.04801
2001-01-17,0.04795
2001-01-18,0.04778
2001-01-19,0.04763
2001-01-22,0.04757
2001-01-23,0.04756
2001-01-24,0.04767
2001-01-25,0.04768
2001-01-26,0.04784
2001-01-29,0.04785
2001-01-30,0.04781
2001-01-31,0.04744
2001-02-01,0.04714
2001-02-02,0.04724
2001-02-05,0.04728
2001-02-06,0.04725
2001-02-07,0.04727
2001-02-08,0.04731
2001-02-09,0.04734
2001-02-12,0.04734
2001-02-13,0.04733
2001-02-14,0.04743
2001-02-15,0.04747
2001-02-16,0.04752
2001-02-19,0.04759
2001-02-20,0.04779
2001-02-21,0.04789
2001-02-22,0.04798
2001-02-23,0.04807
2001-02-26,0.04811
2001-02-27,0.0481
2001-02-28,0.04771
2001-03-01,0.04756
2001-03-02,0.04761
2001-03-05,0.04761
2001-03-06,0.04771
2001-03-07,0.04776
2001-03-08,0.04778
2001-03-09,0.04782
2001-03-12,0.04784
2001-03-13,0.04783
2001-03-14,0.04784
2001-03-15,0.04767
2001-03-16,0.04769
2001-03-19,0.04769
2001-03-20,0.04766
2001-03-21,0.04753
2001-03-22,0.04649
2001-03-23,0.04574
2001-03-26,0.04566
2001-03-27,0.0456
2001-03-28,0.04566
2001-03-29,0.04554
2001-03-30,0.04561
2001-04-02,0.04571
2001-04-03,0.04586
2001-04-04,0.04572
2001-04-05,0.04573
2001-04-06,0.04574
2001-04-09,0.04559
2001-04-10,0.04554
2001-04-11,0.04583
2001-04-12,0.04742
2001-04-17,0.04765
2001-04-18,0.04779
2001-04-19,0.04677
2001-04-20,0.04765
2001-04-23,0.04754
2001-04-24,0.04773
2001-04-25,0.0478
2001-04-26,0.04779
2001-04-27,0.0477
2001-04-30,0.04802
2001-05-02,0.04817
2001-05-03,0.0482
2001-05-04,0.04814
2001-05-07,0.04804
2001-05-08,0.04801
2001-05-09,0.04793
2001-05-10,0.04766
2001-05-11,0.04563
2001-05-14,0.04572
2001-05-15,0.04572
2001-05-16,0.04567
2001-05-17,0.04564
2001-05-18,0.04557
2001-05-21,0.04557
2001-05-22,0.04555
2001-05-23,0.04563
2001-05-24,0.04559
2001-05-25,0.04564
2001-05-28,0.04564
2001-05-29,0.0456
2001-05-30,0.04544
2001-05-31,0.04531
2001-06-01,0.04513
2001-06-04,0.04496
2001-06-05,0.04486
2001-06-06,0.04449
2001-06-07,0.04433
2001-06-08,0.04451
2001-06-11,0.04451
2001-06-12,0.04449
2001-06-13,0.0447
2001-06-14,0.04474
2001-06-15,0.04465
2001-06-18,0.04464
2001-06-19,0.04462
2001-06-20,0.04452
2001-06-21,0.04433
2001-06-22,0.04433
2001-06-25,0.04432
2001-06-26,0.04426
2001-06-27,0.04435
2001-06-28,0.0441
2001-06-29,0.04441
2001-07-02,0.04435
2001-07-03,0.04416
2001-07-04,0.04448
2001-07-05,0.04446
2001-07-06,0.04471
2001-07-09,0.04482
2001-07-10,0.04499
2001-07-11,0.04487
2001-07-12,0.04487
2001-07-13,0.04484
2001-07-16,0.04486
2001-07-17,0.04483
2001-07-18,0.04483
2001-07-19,0.04466
2001-07-20,0.04475
2001-07-23,0.04474
2001-07-24,0.04469
2001-07-25,0.04466
2001-07-26,0.04464
2001-07-27,0.04457
2001-07-30,0.04455
2001-07-31,0.04444
2001-08-01,0.04429
2001-08-02,0.04415
2001-08-03,0.04433
2001-08-06,0.04425
2001-08-07,0.04425
2001-08-08,0.04431
2001-08-09,0.0441
2001-08-10,0.04382
2001-08-13,0.04362
2001-08-14,0.0436
2001-08-15,0.04357
2001-08-16,0.04346
2001-08-17,0.04345
2001-08-20,0.04335
2001-08-21,0.04325
2001-08-22,0.04308
2001-08-23,0.04313
2001-08-24,0.04311
2001-08-27,0.04315
2001-08-28,0.04305
2001-08-29,0.0427
2001-08-30,0.04276
2001-08-31,0.04253
2001-09-03,0.04254
2001-09-04,0.04258
2001-09-05,0.04276
2001-09-06,0.04279
2001-09-07,0.04264
2001-09-10,0.04242
2001-09-11,0.04242
2001-09-12,0.04176
2001-09-13,0.04165
2001-09-14,0.0416
2001-09-17,0.04137
2001-09-18,0.03779
2001-09-19,0.0376
2001-09-20,0.03701
2001-09-21,0.0369
2001-09-24,0.03661
2001-09-25,0.03654
2001-09-26,0.03648
2001-09-27,0.03655
2001-09-28,0.03656
2001-10-01,0.03656
2001-10-02,0.03651
2001-10-03,0.03622
2001-10-04,0.03598
2001-10-05,0.03558
2001-10-08,0.03557
2001-10-09,0.03582
2001-10-10,0.03624
2001-10-11,0.03614
2001-10-12,0.03656
2001-10-15,0.03636
2001-10-16,0.03626
2001-10-17,0.03645
2001-10-18,0.03633
2001-10-19,0.03607
2001-10-22,0.0358
2001-10-23,0.03579
2001-10-24,0.03575
2001-10-25,0.03563
2001-10-26,0.03579
2001-10-29,0.03576
2001-10-30,0.03558
2001-10-31,0.03522
2001-11-01,0.03512
2001-11-02,0.03499
2001-11-05,0.03491
2001-11-06,0.03467
2001-11-07,0.03371
2001-11-08,0.03324
2001-11-09,0.03342
2001-11-12,0.0335
2001-11-13,0.03351
2001-11-14,0.03338
2001-11-15,0.03359
2001-11-16,0.03383
2001-11-19,0.03373
2001-11-20,0.03349
2001-11-21,0.03363
2001-11-22,0.0338
2001-11-23,0.03375
2001-11-26,0.03369
2001-11-27,0.03377
2001-11-28,0.03376
2001-11-29,0.03376
2001-11-30,0.0336
2001-12-03,0.03346
2001-12-04,0.03348
2001-12-05,0.03348
2001-12-06,0.03364
2001-12-07,0.0337
2001-12-10,0.0336
2001-12-11,0.03351
2001-12-12,0.03351
2001-12-13,0.03342
2001-12-14,0.03346
2001-12-17,0.03349
2001-12-18,0.0335
2001-12-19,0.03348
2001-12-20,0.03343
2001-12-21,0.03339
2001-12-24,0.0334
2001-12-27,0.03319
2001-12-28,0.03294
2002-01-02,0.03279
2002-01-03,0.03272
2002-01-04,0.03292
2002-01-07,0.03312
2002-01-08,0.03311
2002-01-09,0.03325
2002-01-10,0.03338
2002-01-11,0.03345
2002-01-14,0.03331
2002-01-15,0.03329
2002-01-16,0.03335
2002-01-17,0.03344
2002-01-18,0.03345
2002-01-21,0.03346
2002-01-22,0.03349
2002-01-23,0.03361
2002-01-24,0.03369
2002-01-25,0.03378
2002-01-28,0.03381
2002-01-29,0.03378
2002-01-30,0.03362
2002-01-31,0.03371
2002-02-01,0.03375
2002-02-04,0.03364
2002-02-05,0.03357
2002-02-06,0.03353
2002-02-07,0.03347
2002-02-08,0.03353
2002-02-11,0.03354
2002-02-12,0.03352
2002-02-13,0.03358
2002-02-14,0.03358
2002-02-15,0.03354
2002-02-18,0.03352
2002-02-19,0.03352
2002-02-20,0.03352
2002-02-21,0.03354
2002-02-22,0.03355
2002-02-25,0.03354
2002-02-26,0.03365
2002-02-27,0.03367
2002-02-28,0.03366
2002-03-01,0.03367
2002-03-04,0.0337
2002-03-05,0.03369
2002-03-06,0.03369
2002-03-07,0.03368
2002-03-08,0.03374
2002-03-11,0.03374
2002-03-12,0.03374
2002-03-13,0.03374
2002-03-14,0.03379
2002-03-15,0.03381
2002-03-18,0.03381
2002-03-19,0.03382
2002-03-20,0.03382
2002-03-21,0.03393
2002-03-22,0.03401
2002-03-25,0.03428
2002-03-26,0.03452
2002-03-27,0.0345
2002-03-28,0.03448
2002-04-02,0.03446
2002-04-03,0.03441
2002-04-04,0.03435
2002-04-05,0.0343
2002-04-08,0.03422
2002-04-09,0.03426
2002-04-10,0.03413
2002-04-11,0.03414
2002-04-12,0.03411
2002-04-15,0.03408
2002-04-16,0.03399
2002-04-17,0.03395
2002-04-18,0.03393
2002-04-19,0.03388
2002-04-22,0.03389
2002-04-23,0.03392
2002-04-24,0.03393
2002-04-25,0.03387
2002-04-26,0.03392
2002-04-29,0.03386
2002-04-30,0.03385
2002-05-02,0.03383
2002-05-03,0.03417
2002-05-06,0.03416
2002-05-07,0.03414
2002-05-08,0.03417
2002-05-09,0.03428
2002-05-10,0.03427
2002-05-13,0.0343
2002-05-14,0.03474
2002-05-15,0.03498
2002-05-16,0.03497
2002-05-17,0.03526
2002-05-20,0.03524
2002-05-21,0.03524
2002-05-22,0.03487
2002-05-23,0.03483
2002-05-24,0.03483
2002-05-27,0.03482
2002-05-28,0.03497
2002-05-29,0.03497
2002-05-30,0.03488
2002-05-31,0.03485
2002-06-03,0.03483
2002-06-04,0.03475
2002-06-05,0.03473
2002-06-06,0.03475
2002-06-07,0.03466
2002-06-10,0.03469
2002-06-11,0.03466
2002-06-12,0.03466
2002-06-13,0.0347
2002-06-14,0.03468
2002-06-17,0.03465
2002-06-18,0.03465
2002-06-19,0.03467
2002-06-20,0.03467
2002-06-21,0.03467
2002-06-24,0.03463
2002-06-25,0.03461
2002-06-26,0.03433
2002-06-27,0.0344
2002-06-28,0.03441
2002-07-01,0.03438
2002-07-02,0.03437
2002-07-03,0.03431
2002-07-04,0.03438
2002-07-05,0.03439
2002-07-08,0.03438
2002-07-09,0.03435
2002-07-10,0.03424
2002-07-11,0.03414
2002-07-12,0.03413
2002-07-15,0.03413
2002-07-16,0.03414
2002-07-17,0.03407
2002-07-18,0.03405
2002-07-19,0.03403
2002-07-22,0.03401
2002-07-23,0.03402
2002-07-24,0.03383
2002-07-25,0.03386
2002-07-26,0.03381
2002-07-29,0.03373
2002-07-30,0.03378
2002-07-31,0.03377
2002-08-01,0.03371
2002-08-02,0.03361
2002-08-05,0.03347
2002-08-06,0.03329
2002-08-07,0.03338
2002-08-08,0.03336
2002-08-09,0.03342
2002-08-12,0.0334
2002-08-13,0.0334
2002-08-14,0.03326
2002-08-15,0.03338
2002-08-16,0.03351
2002-08-19,0.0336
2002-08-20,0.03353
2002-08-21,0.03353
2002-08-22,0.03369
2002-08-23,0.03368
2002-08-26,0.03368
2002-08-27,0.03367
2002-08-28,0.03367
2002-08-29,0.0336
2002-08-30,0.03358
2002-09-02,0.03351
2002-09-03,0.03341
2002-09-04,0.03326
2002-09-05,0.03314
2002-09-06,0.03306
2002-09-09,0.03316
2002-09-10,0.03317
2002-09-11,0.03315
2002-09-12,0.03315
2002-09-13,0.03312
2002-09-16,0.03313
2002-09-17,0.03314
2002-09-18,0.03308
2002-09-19,0.03307
2002-09-20,0.033
2002-09-23,0.03297
2002-09-24,0.03292
2002-09-25,0.03287
2002-09-26,0.03288
2002-09-27,0.03297
2002-09-30,0.03297
2002-10-01,0.03279
2002-10-02,0.03283
2002-10-03,0.03265
2002-10-04,0.03254
2002-10-07,0.03211
2002-10-08,0.03228
2002-10-09,0.0323
2002-10-10,0.03226
2002-10-11,0.03259
2002-10-14,0.03274
2002-10-15,0.03281
2002-10-16,0.03301
2002-10-17,0.03313
2002-10-18,0.03292
2002-10-21,0.03263
2002-10-22,0.03258
2002-10-23,0.0325
2002-10-24,0.0324
2002-10-25,0.03253
2002-10-28,0.03267
2002-10-29,0.03272
2002-10-30,0.03251
2002-10-31,0.03259
2002-11-01,0.03236
2002-11-04,0.03233
2002-11-05,0.03212
2002-11-06,0.03214
2002-11-07,0.03136
2002-11-08,0.03209
2002-11-11,0.03187
2002-11-12,0.03174
2002-11-13,0.03143
2002-11-14,0.03124
2002-11-15,0.03124
2002-11-18,0.031
2002-11-19,0.03092
2002-11-20,0.03079
2002-11-21,0.03045
2002-11-22,0.03043
2002-11-25,0.03053
2002-11-26,0.03054
2002-11-27,0.03047
2002-11-28,0.03055
2002-11-29,0.03047
2002-12-02,0.03036
2002-12-03,0.03026
2002-12-04,0.02989
2002-12-05,0.02967
2002-12-06,0.02916
2002-12-09,0.02916
2002-12-10,0.02918
2002-12-11,0.02923
2002-12-12,0.0293
2002-12-13,0.02939
2002-12-16,0.02942
2002-12-17,0.02941
2002-12-18,0.0294
2002-12-19,0.02939
2002-12-20,0.02943
2002-12-23,0.02949
2002-12-24,0.02945
2002-12-27,0.0293
2002-12-30,0.02867
2002-12-31,0.02865
2003-01-02,0.02861
2003-01-03,0.02863
2003-01-06,0.0286
2003-01-07,0.02859
2003-01-08,0.02853
2003-01-09,0.02834
2003-01-10,0.02836
2003-01-13,0.02829
2003-01-14,0.02829
2003-01-15,0.02829
2003-01-16,0.02828
2003-01-17,0.0283
2003-01-20,0.02828
2003-01-21,0.02831
2003-01-22,0.02825
2003-01-23,0.02823
2003-01-24,0.02819
2003-01-27,0.02814
2003-01-28,0.02818
2003-01-29,0.02813
2003-01-30,0.02811
2003-01-31,0.02807
2003-02-03,0.02807
2003-02-04,0.02805
2003-02-05,0.02795
2003-02-06,0.0279
2003-02-07,0.02763
2003-02-10,0.0274
2003-02-11,0.02741
2003-02-12,0.02728
2003-02-13,0.02707
2003-02-14,0.02687
2003-02-17,0.02693
2003-02-18,0.02689
2003-02-19,0.02687
2003-02-20,0.02679
2003-02-21,0.02679
2003-02-24,0.02592
2003-02-25,0.02571
2003-02-26,0.02545
2003-02-27,0.02518
2003-02-28,0.02533
2003-03-03,0.02503
2003-03-04,0.02492
2003-03-05,0.02477
2003-03-06,0.02461
2003-03-07,0.02528
2003-03-10,0.02537
2003-03-11,0.0254
2003-03-12,0.02538
2003-03-13,0.02545
2003-03-14,0.02567
2003-03-17,0.02561
2003-03-18,0.02576
2003-03-19,0.02562
2003-03-20,0.02544
2003-03-21,0.02537
2003-03-24,0.02529
2003-03-25,0.02528
2003-03-26,0.02527
2003-03-27,0.02526
2003-03-28,0.02529
2003-03-31,0.02522
2003-04-01,0.02514
2003-04-02,0.02505
2003-04-03,0.02502
2003-04-04,0.02517
2003-04-07,0.02528
2003-04-08,0.02527
2003-04-09,0.02523
2003-04-10,0.02519
2003-04-11,0.02522
2003-04-14,0.02545
2003-04-15,0.02555
2003-04-16,0.02561
2003-04-17,0.02556
2003-04-22,0.02552
2003-04-23,0.02552
2003-04-24,0.02552
2003-04-25,0.02543
2003-04-28,0.02533
2003-04-29,0.02531
2003-04-30,0.0253
2003-05-02,0.02504
2003-05-05,0.02503
2003-05-06,0.02502
2003-05-07,0.02476
2003-05-08,0.02455
2003-05-09,0.02473
2003-05-12,0.02467
2003-05-13,0.02464
2003-05-14,0.0243
2003-05-15,0.02422
2003-05-16,0.02408
2003-05-19,0.02381
2003-05-20,0.02374
2003-05-21,0.02365
2003-05-22,0.02358
2003-05-23,0.02345
2003-05-26,0.02321
2003-05-27,0.02305
2003-05-28,0.02294
2003-05-29,0.02292
2003-05-30,0.02272
2003-06-02,0.02258
2003-06-03,0.02235
2003-06-04,0.02185
2003-06-05,0.02171
2003-06-06,0.02147
2003-06-09,0.02134
2003-06-10,0.02133
2003-06-11,0.02123
2003-06-12,0.02124
2003-06-13,0.02125
2003-06-16,0.02129
2003-06-17,0.02137
2003-06-18,0.02141
2003-06-19,0.02142
2003-06-20,0.02142
2003-06-23,0.02143
2003-06-24,0.02146
2003-06-25,0.02139
2003-06-26,0.0214
2003-06-27,0.02148
2003-06-30,0.02147
2003-07-01,0.02145
2003-07-02,0.02142
2003-07-03,0.02142
2003-07-04,0.0214
2003-07-07,0.02136
2003-07-08,0.02134
2003-07-09,0.02131
2003-07-10,0.02135
2003-07-11,0.02129
2003-07-14,0.02129
2003-07-15,0.02129
2003-07-16,0.02133
2003-07-17,0.0213
2003-07-18,0.02128
2003-07-21,0.02127
2003-07-22,0.02133
2003-07-23,0.02126
2003-07-24,0.02122
2003-07-25,0.0212
2003-07-28,0.02119
2003-07-29,0.02119
2003-07-30,0.02121
2003-07-31,0.02121
2003-08-01,0.02129
2003-08-04,0.02139
2003-08-05,0.02138
2003-08-06,0.02136
2003-08-07,0.02136
2003-08-08,0.02135
2003-08-11,0.02135
2003-08-12,0.02136
2003-08-13,0.02135
2003-08-14,0.02138
2003-08-15,0.02138
2003-08-18,0.02137
2003-08-19,0.02139
2003-08-20,0.02137
2003-08-21,0.02141
2003-08-22,0.02147
2003-08-25,0.02147
2003-08-26,0.02149
2003-08-27,0.02154
2003-08-28,0.02151
2003-08-29,0.02152
2003-09-01,0.02151
2003-09-02,0.02153
2003-09-03,0.0216
2003-09-04,0.02161
2003-09-05,0.02159
2003-09-08,0.02157
2003-09-09,0.02153
2003-09-10,0.02152
2003-09-11,0.02152
2003-09-12,0.02152
2003-09-15,0.02151
2003-09-16,0.0215
2003-09-17,0.02151
2003-09-18,0.0215
2003-09-19,0.02149
2003-09-22,0.02141
2003-09-23,0.02138
2003-09-24,0.02135
2003-09-25,0.02133
2003-09-26,0.02132
2003-09-29,0.02133
2003-09-30,0.02128
2003-10-01,0.02121
2003-10-02,0.02122
2003-10-03,0.02127
2003-10-06,0.02145
2003-10-07,0.02138
2003-10-08,0.02134
2003-10-09,0.02133
2003-10-10,0.02135
2003-10-13,0.02136
2003-10-14,0.02138
2003-10-15,0.02142
2003-10-16,0.0214
2003-10-17,0.02152
2003-10-20,0.02152
2003-10-21,0.02151
2003-10-22,0.02152
2003-10-23,0.0215
2003-10-24,0.02151
2003-10-27,0.02156
2003-10-28,0.02154
2003-10-29,0.02153
2003-10-30,0.02159
2003-10-31,0.02161
2003-11-03,0.02163
2003-11-04,0.02163
2003-11-05,0.02164
2003-11-06,0.02165
2003-11-07,0.02169
2003-11-10,0.02171
2003-11-11,0.02171
2003-11-12,0.02171
2003-11-13,0.02171
2003-11-14,0.02161
2003-11-17,0.02154
2003-11-18,0.02153
2003-11-19,0.02147
2003-11-20,0.02151
2003-11-21,0.02147
2003-11-24,0.02146
2003-11-25,0.02152
2003-11-26,0.02153
2003-11-27,0.02155
2003-11-28,0.02154
2003-12-01,0.0216
2003-12-02,0.02159
2003-12-03,0.02159
2003-12-04,0.02159
2003-12-05,0.02154
2003-12-08,0.02152
2003-12-09,0.02149
2003-12-10,0.02149
2003-12-11,0.0215
2003-12-12,0.02148
2003-12-15,0.02146
2003-12-16,0.02145
2003-12-17,0.02144
2003-12-18,0.02141
2003-12-19,0.02142
2003-12-22,0.0214
2003-12-23,0.02142
2003-12-24,0.02142
2003-12-29,0.02142
2003-12-30,0.02126
2003-12-31,0.02124
2004-01-02,0.0212
2004-01-05,0.02114
2004-01-06,0.02113
2004-01-07,0.02104
2004-01-08,0.02103
2004-01-09,0.02102
2004-01-12,0.02095
2004-01-13,0.02092
2004-01-14,0.02086
2004-01-15,0.0208
2004-01-16,0.02076
2004-01-19,0.02077
2004-01-20,0.0208
2004-01-21,0.02075
2004-01-22,0.02075
2004-01-23,0.02073
2004-01-26,0.02074
2004-01-27,0.02078
2004-01-28,0.02078
2004-01-29,0.02091
2004-01-30,0.02093
2004-02-02,0.02091
2004-02-03,0.02089
2004-02-04,0.02085
2004-02-05,0.02083
2004-02-06,0.0208
2004-02-09,0.02074
2004-02-10,0.0207
2004-02-11,0.02074
2004-02-12,0.02067
2004-02-13,0.02067
2004-02-16,0.02065
2004-02-17,0.02066
2004-02-18,0.02055
2004-02-19,0.0206
2004-02-20,0.02061
2004-02-23,0.02073
2004-02-24,0.02076
2004-02-25,0.0207
2004-02-26,0.02053
2004-02-27,0.02052
2004-03-01,0.02047
2004-03-02,0.02052
2004-03-03,0.02057
2004-03-04,0.02054
2004-03-05,0.02061
2004-03-08,0.02052
2004-03-09,0.02052
2004-03-10,0.02054
2004-03-11,0.02058
2004-03-12,0.02053
2004-03-15,0.02052
2004-03-16,0.02053
2004-03-17,0.02052
2004-03-18,0.0204
2004-03-19,0.02034
2004-03-22,0.02025
2004-03-23,0.02021
2004-03-24,0.02017
2004-03-25,0.01989
2004-03-26,0.01967
2004-03-29,0.01957
2004-03-30,0.01958
2004-03-31,0.01958
2004-04-01,0.0196
2004-04-02,0.02025
2004-04-05,0.02054
2004-04-06,0.02051
2004-04-07,0.02038
2004-04-08,0.02036
2004-04-13,0.02038
2004-04-14,0.02048
2004-04-15,0.02051
2004-04-16,0.02053
2004-04-19,0.02052
2004-04-20,0.02052
2004-04-21,0.02066
2004-04-22,0.02059
2004-04-23,0.02056
2004-04-26,0.02064
2004-04-27,0.02063
2004-04-28,0.02064
2004-04-29,0.02072
2004-04-30,0.02073
2004-05-03,0.02072
2004-05-04,0.02073
2004-05-05,0.02072
2004-05-06,0.02074
2004-05-07,0.02081
2004-05-10,0.02086
2004-05-11,0.02085
2004-05-12,0.02084
2004-05-13,0.02093
2004-05-14,0.02094
2004-05-17,0.0209
2004-05-18,0.02091
2004-05-19,0.02091
2004-05-20,0.02091
2004-05-21,0.0209
2004-05-24,0.02093
2004-05-25,0.02092
2004-05-26,0.0209
2004-05-27,0.02087
2004-05-28,0.02087
2004-05-31,0.02087
2004-06-01,0.02087
2004-06-02,0.02089
2004-06-03,0.02096
2004-06-04,0.02101
2004-06-07,0.02102
2004-06-08,0.02102
2004-06-09,0.02103
2004-06-10,0.02109
2004-06-11,0.02112
2004-06-14,0.02115
2004-06-15,0.02121
2004-06-16,0.02119
2004-06-17,0.02122
2004-06-18,0.02123
2004-06-21,0.02124
2004-06-22,0.02123
2004-06-23,0.02123
2004-06-24,0.02122
2004-06-25,0.02122
2004-06-28,0.02121
2004-06-29,0.02123
2004-06-30,0.0212
2004-07-01,0.02116
2004-07-02,0.02116
2004-07-05,0.02114
2004-07-06,0.02115
2004-07-07,0.02114
2004-07-08,0.02114
2004-07-09,0.02114
2004-07-12,0.02114
2004-07-13,0.02115
2004-07-14,0.02115
2004-07-15,0.02115
2004-07-16,0.02115
2004-07-19,0.02115
2004-07-20,0.02115
2004-07-21,0.0212
2004-07-22,0.0212
2004-07-23,0.0212
2004-07-26,0.02117
2004-07-27,0.02117
2004-07-28,0.02118
2004-07-29,0.02118
2004-07-30,0.02116
2004-08-02,0.02115
2004-08-03,0.02116
2004-08-04,0.02116
2004-08-05,0.02116
2004-08-06,0.02115
2004-08-09,0.02112
2004-08-10,0.02112
2004-08-11,0.02113
2004-08-12,0.02114
2004-08-13,0.02112
2004-08-16,0.02113
2004-08-17,0.02113
2004-08-18,0.02114
2004-08-19,0.02114
2004-08-20,0.02114
2004-08-23,0.02114
2004-08-24,0.02115
2004-08-25,0.02115
2004-08-26,0.02116
2004-08-27,0.02115
2004-08-30,0.02115
2004-08-31,0.02115
2004-09-01,0.02115
2004-09-02,0.02111
2004-09-03,0.02114
2004-09-06,0.02116
2004-09-07,0.02116
2004-09-08,0.02115
2004-09-09,0.02116
2004-09-10,0.02116
2004-09-13,0.02116
2004-09-14,0.02116
2004-09-15,0.02116
2004-09-16,0.02116
2004-09-17,0.02116
2004-09-20,0.02115
2004-09-21,0.02116
2004-09-22,0.02116
2004-09-23,0.02116
2004-09-24,0.02116
2004-09-27,0.02116
2004-09-28,0.02116
2004-09-29,0.02149
2004-09-30,0.0215
2004-10-01,0.02148
2004-10-04,0.02149
2004-10-05,0.02149
2004-10-06,0.0215
2004-10-07,0.0215
2004-10-08,0.02149
2004-10-11,0.02146
2004-10-12,0.02146
2004-10-13,0.02148
2004-10-14,0.02147
2004-10-15,0.02146
2004-10-18,0.02145
2004-10-19,0.02144
2004-10-20,0.02144
2004-10-21,0.02145
2004-10-22,0.02145
2004-10-25,0.02145
2004-10-26,0.02147
2004-10-27,0.02146
2004-10-28,0.02152
2004-10-29,0.02153
2004-11-01,0.02152
2004-11-02,0.02153
2004-11-03,0.02158
2004-11-04,0.02161
2004-11-05,0.02161
2004-11-08,0.02169
2004-11-09,0.0217
2004-11-10,0.02171
2004-11-11,0.02172
2004-11-12,0.02172
2004-11-15,0.02173
2004-11-16,0.02174
2004-11-17,0.02174
2004-11-18,0.02176
2004-11-19,0.02176
2004-11-22,0.02177
2004-11-23,0.02177
2004-11-24,0.02176
2004-11-25,0.02176
2004-11-26,0.02177
2004-11-29,0.02176
2004-11-30,0.02176
2004-12-01,0.02174
2004-12-02,0.02172
2004-12-03,0.02174
2004-12-06,0.0217
2004-12-07,0.02171
2004-12-08,0.0217
2004-12-09,0.0217
2004-12-10,0.02173
2004-12-13,0.02174
2004-12-14,0.02175
2004-12-15,0.02175
2004-12-16,0.02175
2004-12-17,0.02175
2004-12-20,0.02177
2004-12-21,0.02176
2004-12-22,0.02176
2004-12-23,0.02178
2004-12-24,0.02178
2004-12-27,0.02178
2004-12-28,0.02179
2004-12-29,0.0218
2004-12-30,0.02158
2004-12-31,0.02155
2005-01-03,0.02154
2005-01-04,0.02151
2005-01-05,0.02151
2005-01-06,0.0215
2005-01-07,0.02146
2005-01-10,0.02146
2005-01-11,0.02146
2005-01-12,0.02145
2005-01-13,0.02144
2005-01-14,0.02144
2005-01-17,0.02143
2005-01-18,0.02144
2005-01-19,0.02143
2005-01-20,0.02144
2005-01-21,0.02143
2005-01-24,0.02143
2005-01-25,0.02144
2005-01-26,0.02143
2005-01-27,0.02144
2005-01-28,0.02144
2005-01-31,0.02142
2005-02-01,0.02142
2005-02-02,0.02141
2005-02-03,0.02144
2005-02-04,0.02142
2005-02-07,0.02142
2005-02-08,0.02141
2005-02-09,0.02142
2005-02-10,0.0214
2005-02-11,0.0214
2005-02-14,0.02139
2005-02-15,0.02136
2005-02-16,0.02135
2005-02-17,0.02135
2005-02-18,0.02135
2005-02-21,0.02135
2005-02-22,0.02135
2005-02-23,0.02135
2005-02-24,0.02136
2005-02-25,0.02136
2005-02-28,0.02136
2005-03-01,0.02136
2005-03-02,0.02135
2005-03-03,0.02135
2005-03-04,0.02134
2005-03-07,0.02133
2005-03-08,0.02134
2005-03-09,0.02134
2005-03-10,0.02134
2005-03-11,0.02135
2005-03-14,0.02135
2005-03-15,0.02135
2005-03-16,0.02135
2005-03-17,0.02136
2005-03-18,0.02135
2005-03-21,0.02135
2005-03-22,0.02138
2005-03-23,0.02142
2005-03-24,0.02143
2005-03-29,0.02144
2005-03-30,0.02146
2005-03-31,0.02147
2005-04-01,0.02147
2005-04-04,0.02147
2005-04-05,0.02147
2005-04-06,0.02148
2005-04-07,0.02146
2005-04-08,0.02144
2005-04-11,0.02142
2005-04-12,0.0214
2005-04-13,0.02138
2005-04-14,0.02137
2005-04-15,0.02136
2005-04-18,0.02134
2005-04-19,0.02134
2005-04-20,0.02135
2005-04-21,0.02133
2005-04-22,0.02133
2005-04-25,0.02129
2005-04-26,0.02129
2005-04-27,0.02129
2005-04-28,0.02128
2005-04-29,0.02126
2005-05-02,0.02126
2005-05-03,0.02126
2005-05-04,0.02125
2005-05-05,0.02126
2005-05-06,0.02125
2005-05-09,0.02128
2005-05-10,0.02125
2005-05-11,0.02125
2005-05-12,0.02126
2005-05-13,0.02125
2005-05-16,0.02126
2005-05-17,0.02126
2005-05-18,0.02126
2005-05-19,0.02125
2005-05-20,0.02126
2005-05-23,0.02126
2005-05-24,0.02126
2005-05-25,0.02125
2005-05-26,0.02125
2005-05-27,0.02125
2005-05-30,0.02124
2005-05-31,0.02127
2005-06-01,0.02124
2005-06-02,0.02115
2005-06-03,0.02115
2005-06-06,0.02116
2005-06-07,0.02116
2005-06-08,0.02113
2005-06-09,0.02113
2005-06-10,0.02114
2005-06-13,0.02111
2005-06-14,0.02111
2005-06-15,0.02112
2005-06-16,0.02116
2005-06-17,0.02116
2005-06-20,0.02116
2005-06-21,0.02108
2005-06-22,0.02104
2005-06-23,0.02102
2005-06-24,0.02104
2005-06-27,0.02104
2005-06-28,0.02103
2005-06-29,0.02104
2005-06-30,0.02106
2005-07-01,0.02107
2005-07-04,0.02111
2005-07-05,0.02114
2005-07-06,0.02115
2005-07-07,0.02114
2005-07-08,0.02114
2005-07-11,0.02115
2005-07-12,0.02117
2005-07-13,0.02119
2005-07-14,0.02119
2005-07-15,0.02122
2005-07-18,0.02123
2005-07-19,0.02123
2005-07-20,0.02124
2005-07-21,0.02123
2005-07-22,0.02124
2005-07-25,0.02124
2005-07-26,0.02125
2005-07-27,0.02126
2005-07-28,0.02124
2005-07-29,0.02125
2005-08-01,0.02126
2005-08-02,0.02127
2005-08-03,0.02131
2005-08-04,0.02131
2005-08-05,0.02132
2005-08-08,0.02133
2005-08-09,0.02134
2005-08-10,0.02134
2005-08-11,0.02134
2005-08-12,0.02134
2005-08-15,0.02135
2005-08-16,0.02135
2005-08-17,0.02134
2005-08-18,0.02132
2005-08-19,0.02132
2005-08-22,0.02132
2005-08-23,0.02133
2005-08-24,0.02132
2005-08-25,0.02133
2005-08-26,0.02132
2005-08-29,0.02133
2005-08-30,0.02134
2005-08-31,0.02134
2005-09-01,0.02133
2005-09-02,0.0213
2005-09-05,0.02131
2005-09-06,0.02132
2005-09-07,0.02134
2005-09-08,0.02134
2005-09-09,0.02134
2005-09-12,0.02134
2005-09-13,0.02136
2005-09-14,0.02135
2005-09-15,0.02136
2005-09-16,0.02136
2005-09-19,0.02136
2005-09-20,0.02136
2005-09-21,0.02136
2005-09-22,0.02135
2005-09-23,0.02136
2005-09-26,0.02141
2005-09-27,0.02144
2005-09-28,0.02146
2005-09-29,0.0217
2005-09-30,0.02176
2005-10-03,0.02178
2005-10-04,0.02181
2005-10-05,0.02183
2005-10-06,0.02183
2005-10-07,0.02192
2005-10-10,0.02191
2005-10-11,0.02192
2005-10-12,0.02186
2005-10-13,0.02185
2005-10-14,0.02185
2005-10-17,0.02187
2005-10-18,0.02188
2005-10-19,0.02188
2005-10-20,0.02187
2005-10-21,0.02186
2005-10-24,0.02185
2005-10-25,0.02186
2005-10-26,0.02209
2005-10-27,0.0224
2005-10-28,0.02254
2005-10-31,0.02263
2005-11-01,0.02264
2005-11-02,0.02264
2005-11-03,0.02273
2005-11-04,0.02265
2005-11-07,0.02274
2005-11-08,0.02297
2005-11-09,0.02305
2005-11-10,0.02324
2005-11-11,0.02321
2005-11-14,0.02323
2005-11-15,0.0235
2005-11-16,0.0235
2005-11-17,0.0235
2005-11-18,0.02353
2005-11-21,0.02439
2005-11-22,0.02437
2005-11-23,0.02443
2005-11-24,0.0245
2005-11-25,0.0245
2005-11-28,0.02461
2005-11-29,0.02473
2005-11-30,0.02473
2005-12-01,0.02474
2005-12-02,0.02452
2005-12-05,0.02452
2005-12-06,0.02453
2005-12-07,0.02452
2005-12-08,0.02452
2005-12-09,0.02454
2005-12-12,0.02454
2005-12-13,0.02456
2005-12-14,0.02463
2005-12-15,0.02475
2005-12-16,0.02481
2005-12-19,0.02486
2005-12-20,0.02489
2005-12-21,0.0249
2005-12-22,0.02494
2005-12-23,0.02495
2005-12-27,0.02491
2005-12-28,0.02492
2005-12-29,0.02487
2005-12-30,0.02488
2006-01-02,0.02488
2006-01-03,0.02489
2006-01-04,0.02489
2006-01-05,0.0249
2006-01-06,0.02491
2006-01-09,0.02492
2006-01-10,0.02495
2006-01-11,0.02502
2006-01-12,0.02514
2006-01-13,0.02507
2006-01-16,0.02508
2006-01-17,0.02508
2006-01-18,0.02505
2006-01-19,0.02516
2006-01-20,0.0252
2006-01-23,0.02524
2006-01-24,0.02527
2006-01-25,0.02533
2006-01-26,0.02534
2006-01-27,0.02536
2006-01-30,0.02542
2006-01-31,0.02547
2006-02-01,0.02554
2006-02-02,0.02563
2006-02-03,0.0257
2006-02-06,0.0257
2006-02-07,0.02569
2006-02-08,0.02575
2006-02-09,0.02585
2006-02-10,0.02592
2006-02-13,0.02594
2006-02-14,0.02596
2006-02-15,0.02597
2006-02-16,0.02604
2006-02-17,0.02608
2006-02-20,0.02609
2006-02-21,0.02612
2006-02-22,0.02616
2006-02-23,0.02628
2006-02-24,0.02644
2006-02-27,0.02657
2006-02-28,0.02664
2006-03-01,0.02666
2006-03-02,0.02674
2006-03-03,0.02684
2006-03-06,0.02688
2006-03-07,0.02692
2006-03-08,0.02694
2006-03-09,0.02695
2006-03-10,0.02698
2006-03-13,0.02701
2006-03-14,0.02704
2006-03-15,0.02703
2006-03-16,0.02704
2006-03-17,0.02705
2006-03-20,0.02723
2006-03-21,0.02728
2006-03-22,0.02737
2006-03-23,0.02739
2006-03-24,0.02741
2006-03-27,0.02745
2006-03-28,0.02772
2006-03-29,0.02797
2006-03-30,0.02814
2006-03-31,0.02816
2006-04-03,0.02818
2006-04-04,0.02822
2006-04-05,0.02824
2006-04-06,0.02831
2006-04-07,0.02764
2006-04-10,0.02763
2006-04-11,0.02762
2006-04-12,0.02764
2006-04-13,0.02765
2006-04-18,0.02769
2006-04-19,0.0277
2006-04-20,0.02776
2006-04-21,0.02779
2006-04-24,0.02783
2006-04-25,0.0279
2006-04-26,0.02824
2006-04-27,0.02832
2006-04-28,0.02852
2006-05-02,0.0286
2006-05-03,0.02865
2006-05-04,0.02855
2006-05-05,0.02859
2006-05-08,0.02866
2006-05-09,0.02872
2006-05-10,0.02877
2006-05-11,0.02879
2006-05-12,0.02885
2006-05-15,0.02884
2006-05-16,0.02883
2006-05-17,0.02884
2006-05-18,0.02893
2006-05-19,0.02896
2006-05-22,0.02901
2006-05-23,0.02904
2006-05-24,0.02905
2006-05-25,0.0291
2006-05-26,0.02913
2006-05-29,0.02919
2006-05-30,0.02922
2006-05-31,0.02926
2006-06-01,0.02944
2006-06-02,0.0295
2006-06-05,0.02957
2006-06-06,0.02969
2006-06-07,0.02974
2006-06-08,0.0299
2006-06-09,0.02953
2006-06-12,0.02953
2006-06-13,0.02959
2006-06-14,0.02961
2006-06-15,0.02963
2006-06-16,0.02966
2006-06-19,0.02973
2006-06-20,0.02976
2006-06-21,0.02985
2006-06-22,0.02993
2006-06-23,0.02997
2006-06-26,0.03001
2006-06-27,0.03041
2006-06-28,0.03061
2006-06-29,0.03063
2006-06-30,0.03056
2006-07-03,0.03055
2006-07-04,0.03055
2006-07-05,0.0306
2006-07-06,0.03062
2006-07-07,0.03075
2006-07-10,0.03079
2006-07-11,0.03079
2006-07-12,0.03083
2006-07-13,0.0309
2006-07-14,0.03092
2006-07-17,0.031
2006-07-18,0.03104
2006-07-19,0.03114
2006-07-20,0.03117
2006-07-21,0.03124
2006-07-24,0.03126
2006-07-25,0.03134
2006-07-26,0.03141
2006-07-27,0.03146
2006-07-28,0.03149
2006-07-31,0.03161
2006-08-01,0.0317
2006-08-02,0.03178
2006-08-03,0.03185
2006-08-04,0.03201
2006-08-07,0.03204
2006-08-08,0.03207
2006-08-09,0.0321
2006-08-10,0.03215
2006-08-11,0.03217
2006-08-14,0.03219
2006-08-15,0.0322
2006-08-16,0.03227
2006-08-17,0.03234
2006-08-18,0.03236
2006-08-21,0.03244
2006-08-22,0.03249
2006-08-23,0.03253
2006-08-24,0.03254
2006-08-25,0.03255
2006-08-28,0.03254
2006-08-29,0.03257
2006-08-30,0.03256
2006-08-31,0.03264
2006-09-01,0.03267
2006-09-04,0.03271
2006-09-05,0.03275
2006-09-06,0.03289
2006-09-07,0.03294
2006-09-08,0.03301
2006-09-11,0.03305
2006-09-12,0.03315
2006-09-13,0.03321
2006-09-14,0.03333
2006-09-15,0.03335
2006-09-18,0.0334
2006-09-19,0.03349
2006-09-20,0.03352
2006-09-21,0.03372
2006-09-22,0.03376
2006-09-25,0.03374
2006-09-26,0.03368
2006-09-27,0.03376
2006-09-28,0.03413
2006-09-29,0.03417
2006-10-02,0.03424
2006-10-03,0.03435
2006-10-04,0.03453
2006-10-05,0.03464
2006-10-06,0.03464
2006-10-09,0.0347
2006-10-10,0.03479
2006-10-11,0.03487
2006-10-12,0.03494
2006-10-13,0.03499
2006-10-16,0.03502
2006-10-17,0.03503
2006-10-18,0.03511
2006-10-19,0.03519
2006-10-20,0.03521
2006-10-23,0.03526
2006-10-24,0.03528
2006-10-25,0.03538
2006-10-26,0.03548
2006-10-27,0.03554
2006-10-30,0.03561
2006-10-31,0.03564
2006-11-01,0.03563
2006-11-02,0.03566
2006-11-03,0.03566
2006-11-06,0.03569
2006-11-07,0.03575
2006-11-08,0.03577
2006-11-09,0.03584
2006-11-10,0.03585
2006-11-13,0.03587
2006-11-14,0.03593
2006-11-15,0.03595
2006-11-16,0.03598
2006-11-17,0.03604
2006-11-20,0.03603
2006-11-21,0.03604
2006-11-22,0.03613
2006-11-23,0.03618
2006-11-24,0.03624
2006-11-27,0.03625
2006-11-28,0.03626
2006-11-29,0.03627
2006-11-30,0.03636
2006-12-01,0.03638
2006-12-04,0.03639
2006-12-05,0.03643
2006-12-06,0.03653
2006-12-07,0.03662
2006-12-08,0.03669
2006-12-11,0.03673
2006-12-12,0.03674
2006-12-13,0.03674
2006-12-14,0.03679
2006-12-15,0.03686
2006-12-18,0.03699
2006-12-19,0.03704
2006-12-20,0.03707
2006-12-21,0.03714
2006-12-22,0.03716
2006-12-27,0.03722
2006-12-28,0.03723
2006-12-29,0.03725
2007-01-02,0.03725
2007-01-03,0.03726
2007-01-04,0.03734
2007-01-05,0.03735
2007-01-08,0.03738
2007-01-09,0.03742
2007-01-10,0.03745
2007-01-11,0.03757
2007-01-12,0.03745
2007-01-15,0.03746
2007-01-16,0.03746
2007-01-17,0.03747
2007-01-18,0.03754
2007-01-19,0.03754
2007-01-22,0.03755
2007-01-23,0.03757
2007-01-24,0.03756
2007-01-25,0.03769
2007-01-26,0.03772
2007-01-29,0.03775
2007-01-30,0.03781
2007-01-31,0.03782
2007-02-01,0.03785
2007-02-02,0.03788
2007-02-05,0.0378
2007-02-06,0.03784
2007-02-07,0.03786
2007-02-08,0.03803
2007-02-09,0.03806
2007-02-12,0.03809
2007-02-13,0.03814
2007-02-14,0.03815
2007-02-15,0.03825
2007-02-16,0.03826
2007-02-19,0.03831
2007-02-20,0.03833
2007-02-21,0.03835
2007-02-22,0.03843
2007-02-23,0.03846
2007-02-26,0.03853
2007-02-27,0.03854
2007-02-28,0.03848
2007-03-01,0.03856
2007-03-02,0.03859
2007-03-05,0.0386
2007-03-06,0.03866
2007-03-07,0.03868
2007-03-08,0.03878
2007-03-09,0.03885
2007-03-12,0.03889
2007-03-13,0.03889
2007-03-14,0.03893
2007-03-15,0.03896
2007-03-16,0.03896
2007-03-19,0.03892
2007-03-20,0.03895
2007-03-21,0.03897
2007-03-22,0.03902
2007-03-23,0.03904
2007-03-26,0.03906
2007-03-27,0.03909
2007-03-28,0.03914
2007-03-29,0.03922
2007-03-30,0.03924
2007-04-02,0.03927
2007-04-03,0.03936
2007-04-04,0.03944
2007-04-05,0.03946
2007-04-10,0.03955
2007-04-11,0.03958
2007-04-12,0.03968
2007-04-13,0.0397
2007-04-16,0.03975
2007-04-17,0.03978
2007-04-18,0.03979
2007-04-19,0.03985
2007-04-20,0.03988
2007-04-23,0.03992
2007-04-24,0.03995
2007-04-25,0.03999
2007-04-26,0.04005
2007-04-27,0.04013
2007-04-30,0.04017
2007-05-02,0.04023
2007-05-03,0.04034
2007-05-04,0.04036
2007-05-07,0.04038
2007-05-08,0.04043
2007-05-09,0.04046
2007-05-10,0.04055
2007-05-11,0.04061
2007-05-14,0.04063
2007-05-15,0.04066
2007-05-16,0.04067
2007-05-17,0.04073
2007-05-18,0.04077
2007-05-21,0.04078
2007-05-22,0.0408
2007-05-23,0.04086
2007-05-24,0.04095
2007-05-25,0.04098
2007-05-28,0.04107
2007-05-29,0.04109
2007-05-30,0.04113
2007-05-31,0.04122
2007-06-01,0.04124
2007-06-04,0.04125
2007-06-05,0.04126
2007-06-06,0.04126
2007-06-07,0.04135
2007-06-08,0.04138
2007-06-11,0.0414
2007-06-12,0.04142
2007-06-13,0.04145
2007-06-14,0.04147
2007-06-15,0.04148
2007-06-18,0.04148
2007-06-19,0.04153
2007-06-20,0.04155
2007-06-21,0.04159
2007-06-22,0.0416
2007-06-25,0.04159
2007-06-26,0.04162
2007-06-27,0.04164
2007-06-28,0.04172
2007-06-29,0.04175
2007-07-02,0.04176
2007-07-03,0.04182
2007-07-04,0.04183
2007-07-05,0.0419
2007-07-06,0.04196
2007-07-09,0.04197
2007-07-10,0.04197
2007-07-11,0.04201
2007-07-12,0.04209
2007-07-13,0.04214
2007-07-16,0.04215
2007-07-17,0.04215
2007-07-18,0.04221
2007-07-19,0.04226
2007-07-20,0.04228
2007-07-23,0.04229
2007-07-24,0.04235
2007-07-25,0.04239
2007-07-26,0.04245
2007-07-27,0.04246
2007-07-30,0.04252
2007-07-31,0.0426
2007-08-01,0.04264
2007-08-02,0.04281
2007-08-03,0.04296
2007-08-06,0.04309
2007-08-07,0.04328
2007-08-08,0.04352
2007-08-09,0.04399
2007-08-10,0.04451
2007-08-13,0.04506
2007-08-14,0.04519
2007-08-15,0.04525
2007-08-16,0.04574
2007-08-17,0.04645
2007-08-20,0.04656
2007-08-21,0.04664
2007-08-22,0.04676
2007-08-23,0.04711
2007-08-24,0.04721
2007-08-27,0.04728
2007-08-28,0.04717
2007-08-29,0.04722
2007-08-30,0.04724
2007-08-31,0.04735
2007-09-03,0.04741
2007-09-04,0.04745
2007-09-05,0.04755
2007-09-06,0.04755
2007-09-07,0.04752
2007-09-10,0.04748
2007-09-11,0.0475
2007-09-12,0.0475
2007-09-13,0.0473
2007-09-14,0.04724
2007-09-17,0.04729
2007-09-18,0.04731
2007-09-19,0.04723
2007-09-20,0.04726
2007-09-21,0.04723
2007-09-24,0.04723
2007-09-25,0.04725
2007-09-26,0.04726
2007-09-27,0.04786
2007-09-28,0.04792
2007-10-01,0.04791
2007-10-02,0.04795
2007-10-03,0.0479
2007-10-04,0.04785
2007-10-05,0.04775
2007-10-08,0.04767
2007-10-09,0.04754
2007-10-10,0.04749
2007-10-11,0.04732
2007-10-12,0.04691
2007-10-15,0.04659
2007-10-16,0.04655
2007-10-17,0.04655
2007-10-18,0.04653
2007-10-19,0.04637
2007-10-22,0.04632
2007-10-23,0.0463
2007-10-24,0.04626
2007-10-25,0.04613
2007-10-26,0.04605
2007-10-29,0.04606
2007-10-30,0.04607
2007-10-31,0.04603
2007-11-01,0.04598
2007-11-02,0.04591
2007-11-05,0.0459
2007-11-06,0.04589
2007-11-07,0.04589
2007-11-08,0.04579
2007-11-09,0.04579
2007-11-12,0.04574
2007-11-13,0.04575
2007-11-14,0.04576
2007-11-15,0.0458
2007-11-16,0.04584
2007-11-19,0.04619
2007-11-20,0.04636
2007-11-21,0.04654
2007-11-22,0.04677
2007-11-23,0.04697
2007-11-26,0.04713
2007-11-27,0.04719
2007-11-28,0.04743
2007-11-29,0.04776
2007-11-30,0.0481
2007-12-03,0.04839
2007-12-04,0.04858
2007-12-05,0.04871
2007-12-06,0.04884
2007-12-07,0.04891
2007-12-10,0.04902
2007-12-11,0.04927
2007-12-12,0.04953
2007-12-13,0.04948
2007-12-14,0.04941
2007-12-17,0.04949
2007-12-18,0.04876
2007-12-19,0.04812
2007-12-20,0.0479
2007-12-21,0.04774
2007-12-24,0.04765
2007-12-27,0.04765
2007-12-28,0.0469
2007-12-31,0.04684
2008-01-02,0.04665
2008-01-03,0.04644
2008-01-04,0.0463
2008-01-07,0.04616
2008-01-08,0.04598
2008-01-09,0.04597
2008-01-10,0.04591
2008-01-11,0.04576
2008-01-14,0.04558
2008-01-15,0.04541
2008-01-16,0.04509
2008-01-17,0.04446
2008-01-18,0.04411
2008-01-21,0.04393
2008-01-22,0.0433
2008-01-23,0.04288
2008-01-24,0.04302
2008-01-25,0.04383
2008-01-28,0.04378
2008-01-29,0.04383
2008-01-30,0.04381
2008-01-31,0.04374
2008-02-01,0.04367
2008-02-04,0.04368
2008-02-05,0.04372
2008-02-06,0.04359
2008-02-07,0.04353
2008-02-08,0.04331
2008-02-11,0.04334
2008-02-12,0.04334
2008-02-13,0.0434
2008-02-14,0.04342
2008-02-15,0.04355
2008-02-18,0.04358
2008-02-19,0.0436
2008-02-20,0.04366
2008-02-21,0.04373
2008-02-22,0.04374
2008-02-25,0.04379
2008-02-26,0.04382
2008-02-27,0.04386
2008-02-28,0.04387
2008-02-29,0.04384
2008-03-03,0.04383
2008-03-04,0.04391
2008-03-05,0.04401
2008-03-06,0.04429
2008-03-07,0.04497
2008-03-10,0.04558
2008-03-11,0.04597
2008-03-12,0.04605
2008-03-13,0.04606
2008-03-14,0.04617
2008-03-17,0.04652
2008-03-18,0.04654
2008-03-19,0.04664
2008-03-20,0.04674
2008-03-25,0.04699
2008-03-26,0.04718
2008-03-27,0.04728
2008-03-28,0.04731
2008-03-31,0.04727
2008-04-01,0.04731
2008-04-02,0.04736
2008-04-03,0.04741
2008-04-04,0.04741
2008-04-07,0.04742
2008-04-08,0.04742
2008-04-09,0.04744
2008-04-10,0.04744
2008-04-11,0.04747
2008-04-14,0.04753
2008-04-15,0.04764
2008-04-16,0.04774
2008-04-17,0.04784
2008-04-18,0.04794
2008-04-21,0.04805
2008-04-22,0.0482
2008-04-23,0.04829
2008-04-24,0.04837
2008-04-25,0.04847
2008-04-28,0.04848
2008-04-29,0.04857
2008-04-30,0.04857
2008-05-02,0.04855
2008-05-05,0.04857
2008-05-06,0.04857
2008-05-07,0.04856
2008-05-08,0.04855
2008-05-09,0.04855
2008-05-12,0.04857
2008-05-13,0.04856
2008-05-14,0.04859
2008-05-15,0.0486
2008-05-16,0.04859
2008-05-19,0.04858
2008-05-20,0.04856
2008-05-21,0.04858
2008-05-22,0.04855
2008-05-23,0.04857
2008-05-26,0.04857
2008-05-27,0.04857
2008-05-28,0.04857
2008-05-29,0.0486
2008-05-30,0.04864
2008-06-02,0.04865
2008-06-03,0.04864
2008-06-04,0.04864
2008-06-05,0.04866
2008-06-06,0.04967
2008-06-09,0.04961
2008-06-10,0.0496
2008-06-11,0.04959
2008-06-12,0.04958
2008-06-13,0.04961
2008-06-16,0.0496
2008-06-17,0.04961
2008-06-18,0.04962
2008-06-19,0.04961
2008-06-20,0.04959
2008-06-23,0.04958
2008-06-24,0.04958
2008-06-25,0.04958
2008-06-26,0.04955
2008-06-27,0.04947
2008-06-30,0.04947
2008-07-01,0.04955
2008-07-02,0.04956
2008-07-03,0.04966
2008-07-04,0.04959
2008-07-07,0.0496
2008-07-08,0.04962
2008-07-09,0.04962
2008-07-10,0.04963
2008-07-11,0.04963
2008-07-14,0.04962
2008-07-15,0.04961
2008-07-16,0.04957
2008-07-17,0.04958
2008-07-18,0.04957
2008-07-21,0.0496
2008-07-22,0.04961
2008-07-23,0.04963
2008-07-24,0.04962
2008-07-25,0.04962
2008-07-28,0.04962
2008-07-29,0.04961
2008-07-30,0.04963
2008-07-31,0.04968
2008-08-01,0.04968
2008-08-04,0.0497
2008-08-05,0.04968
2008-08-06,0.04967
2008-08-07,0.04968
2008-08-08,0.04966
2008-08-11,0.04965
2008-08-12,0.04966
2008-08-13,0.04965
2008-08-14,0.04964
2008-08-15,0.04966
2008-08-18,0.04963
2008-08-19,0.04963
2008-08-20,0.04964
2008-08-21,0.04963
2008-08-22,0.04964
2008-08-25,0.04965
2008-08-26,0.04965
2008-08-27,0.04964
2008-08-28,0.04962
2008-08-29,0.04963
2008-09-01,0.04961
2008-09-02,0.04961
2008-09-03,0.0496
2008-09-04,0.04961
2008-09-05,0.0496
2008-09-08,0.04959
2008-09-09,0.04958
2008-09-10,0.04959
2008-09-11,0.04958
2008-09-12,0.04958
2008-09-15,0.04964
2008-09-16,0.04969
2008-09-17,0.04973
2008-09-18,0.04991
2008-09-19,0.05005
2008-09-22,0.05029
2008-09-23,0.05055
2008-09-24,0.05066
2008-09-25,0.05119
2008-09-26,0.05142
2008-09-29,0.05237
2008-09-30,0.05277
2008-10-01,0.05291
2008-10-02,0.0533
2008-10-03,0.05339
2008-10-06,0.05345
2008-10-07,0.05377
2008-10-08,0.05393
2008-10-09,0.05393
2008-10-10,0.05381
2008-10-13,0.05318
2008-10-14,0.05235
2008-10-15,0.05168
2008-10-16,0.0509
2008-10-17,0.05045
2008-10-20,0.05
2008-10-21,0.04968
2008-10-22,0.04936
2008-10-23,0.04921
2008-10-24,0.04918
2008-10-27,0.04912
2008-10-28,0.0486
2008-10-29,0.04827
2008-10-30,0.04794
2008-10-31,0.0476
2008-11-03,0.04733
2008-11-04,0.047
2008-11-05,0.04663
2008-11-06,0.04592
2008-11-07,0.04474
2008-11-10,0.04406
2008-11-11,0.04343
2008-11-12,0.04286
2008-11-13,0.04245
2008-11-14,0.04223
2008-11-17,0.04191
2008-11-18,0.04153
2008-11-19,0.0412
2008-11-20,0.04076
2008-11-21,0.04021
2008-11-24,0.0397
2008-11-25,0.03937
2008-11-26,0.03901
2008-11-27,0.03879
2008-11-28,0.03853
2008-12-01,0.03816
2008-12-02,0.03786
2008-12-03,0.03743
2008-12-04,0.03669
2008-12-05,0.03563
2008-12-08,0.03488
2008-12-09,0.03428
2008-12-10,0.03376
2008-12-11,0.03329
2008-12-12,0.03282
2008-12-15,0.03243
2008-12-16,0.03204
2008-12-17,0.03155
2008-12-18,0.03125
2008-12-19,0.03082
2008-12-22,0.03053
2008-12-23,0.03019
2008-12-24,0.02991
2008-12-29,0.02973
2008-12-30,0.02928
2008-12-31,0.02892
2009-01-02,0.02859
2009-01-05,0.02822
2009-01-06,0.02797
2009-01-07,0.02762
2009-01-08,0.02729
2009-01-09,0.02692
2009-01-12,0.02653
2009-01-13,0.02612
2009-01-14,0.02572
2009-01-15,0.0251
2009-01-16,0.02453
2009-01-19,0.0241
2009-01-20,0.0237
2009-01-21,0.02312
2009-01-22,0.02254
2009-01-23,0.02199
2009-01-26,0.02149
2009-01-27,0.0213
2009-01-28,0.02115
2009-01-29,0.02101
2009-01-30,0.02086
2009-02-02,0.02077
2009-02-03,0.02064
2009-02-04,0.02053
2009-02-05,0.02039
2009-02-06,0.02022
2009-02-09,0.02005
2009-02-10,0.01989
2009-02-11,0.01975
2009-02-12,0.01959
2009-02-13,0.01943
2009-02-16,0.01927
2009-02-17,0.01912
2009-02-18,0.019
2009-02-19,0.01888
2009-02-20,0.01875
2009-02-23,0.01867
2009-02-24,0.01858
2009-02-25,0.01848
2009-02-26,0.01835
2009-02-27,0.01825
2009-03-02,0.01811
2009-03-03,0.01799
2009-03-04,0.01778
2009-03-05,0.01757
2009-03-06,0.01726
2009-03-09,0.01703
2009-03-10,0.01687
2009-03-11,0.01663
2009-03-12,0.0165
2009-03-13,0.0164
2009-03-16,0.01629
2009-03-17,0.01614
2009-03-18,0.01602
2009-03-19,0.01584
2009-03-20,0.01574
2009-03-23,0.0156
2009-03-24,0.01556
2009-03-25,0.01548
2009-03-26,0.01538
2009-03-27,0.01531
2009-03-30,0.0152
2009-03-31,0.0151
2009-04-01,0.01498
2009-04-02,0.01483
2009-04-03,0.01479
2009-04-06,0.01466
2009-04-07,0.01453
2009-04-08,0.01445
2009-04-09,0.01435
2009-04-14,0.01423
2009-04-15,0.01415
2009-04-16,0.0141
2009-04-17,0.01405
2009-04-20,0.01405
2009-04-21,0.01405
2009-04-22,0.01405
2009-04-23,0.01406
2009-04-24,0.014
2009-04-27,0.01392
2009-04-28,0.01384
2009-04-29,0.01372
2009-04-30,0.01365
2009-05-04,0.01354
2009-05-05,0.01344
2009-05-06,0.01334
2009-05-07,0.01327
2009-05-08,0.01313
2009-05-11,0.01299
2009-05-12,0.01291
2009-05-13,0.01281
2009-05-14,0.01266
2009-05-15,0.0125
2009-05-18,0.01244
2009-05-19,0.01237
2009-05-20,0.01244
2009-05-21,0.01252
2009-05-22,0.01259
2009-05-25,0.01264
2009-05-26,0.01266
2009-05-27,0.0127
2009-05-28,0.0127
2009-05-29,0.01269
2009-06-01,0.01266
2009-06-02,0.01262
2009-06-03,0.0126
2009-06-04,0.0126
2009-06-05,0.01268
2009-06-08,0.01281
2009-06-09,0.01286
2009-06-10,0.01283
2009-06-11,0.01277
2009-06-12,0.01268
2009-06-15,0.0126
2009-06-16,0.01252
2009-06-17,0.01244
2009-06-18,0.01235
2009-06-19,0.01224
2009-06-22,0.01215
2009-06-23,0.01206
2009-06-24,0.01195
2009-06-25,0.01145
2009-06-26,0.0112
2009-06-29,0.01108
2009-06-30,0.01099
2009-07-01,0.01085
2009-07-02,0.01072
2009-07-03,0.01059
2009-07-06,0.01048
2009-07-07,0.01044
2009-07-08,0.01029
2009-07-09,0.01018
2009-07-10,0.01007
2009-07-13,0.00996
2009-07-14,0.00985
2009-07-15,0.00979
2009-07-16,0.00969
2009-07-17,0.00954
2009-07-20,0.00944
2009-07-21,0.00937
2009-07-22,0.00933
2009-07-23,0.00927
2009-07-24,0.00921
2009-07-27,0.00914
2009-07-28,0.00908
2009-07-29,0.00903
2009-07-30,0.00899
2009-07-31,0.00893
2009-08-03,0.00886
2009-08-04,0.00884
2009-08-05,0.00884
2009-08-06,0.00883
2009-08-07,0.00881
2009-08-10,0.00884
2009-08-11,0.00883
2009-08-12,0.00879
2009-08-13,0.00873
2009-08-14,0.00869
2009-08-17,0.00861
2009-08-18,0.00859
2009-08-19,0.00854
2009-08-20,0.00851
2009-08-21,0.00849
2009-08-24,0.00843
2009-08-25,0.00838
2009-08-26,0.00834
2009-08-27,0.00829
2009-08-28,0.00825
2009-08-31,0.00821
2009-09-01,0.00819
2009-09-02,0.00813
2009-09-03,0.00809
2009-09-04,0.00803
2009-09-07,0.00797
2009-09-08,0.00788
2009-09-09,0.00781
2009-09-10,0.00778
2009-09-11,0.00773
2009-09-14,0.00771
2009-09-15,0.0077
2009-09-16,0.00768
2009-09-17,0.00766
2009-09-18,0.00762
2009-09-21,0.00758
2009-09-22,0.00755
2009-09-23,0.00749
2009-09-24,0.00743
2009-09-25,0.00741
2009-09-28,0.00739
2009-09-29,0.0075
2009-09-30,0.00753
2009-10-01,0.00754
2009-10-02,0.00752
2009-10-05,0.00746
2009-10-06,0.00744
2009-10-07,0.0074
2009-10-08,0.00741
2009-10-09,0.00743
2009-10-12,0.00743
2009-10-13,0.00742
2009-10-14,0.00742
2009-10-15,0.0074
2009-10-16,0.00739
2009-10-19,0.00739
2009-10-20,0.00737
2009-10-21,0.00735
2009-10-22,0.00733
2009-10-23,0.0073
2009-10-26,0.00731
2009-10-27,0.00728
2009-10-28,0.00724
2009-10-29,0.00722
2009-10-30,0.0072
2009-11-02,0.00722
2009-11-03,0.0072
2009-11-04,0.00719
2009-11-05,0.00716
2009-11-06,0.00716
2009-11-09,0.00715
2009-11-10,0.00715
2009-11-11,0.00715
2009-11-12,0.00714
2009-11-13,0.00714
2009-11-16,0.00714
2009-11-17,0.00715
2009-11-18,0.00715
2009-11-19,0.00715
2009-11-20,0.00714
2009-11-23,0.00715
2009-11-24,0.00716
2009-11-25,0.00716
2009-11-26,0.00717
2009-11-27,0.00718
2009-11-30,0.00719
2009-12-01,0.0072
2009-12-02,0.00721
2009-12-03,0.0072
2009-12-04,0.00718
2009-12-07,0.00717
2009-12-08,0.00716
2009-12-09,0.00715
2009-12-10,0.00714
2009-12-11,0.00714
2009-12-14,0.00715
2009-12-15,0.00715
2009-12-16,0.00715
2009-12-17,0.00712
2009-12-18,0.0071
2009-12-21,0.00709
2009-12-22,0.00708
2009-12-23,0.00706
2009-12-24,0.00707
2009-12-28,0.00706
2009-12-29,0.00707
2009-12-30,0.007
2009-12-31,0.007
2010-01-04,0.007
2010-01-05,0.00699
2010-01-06,0.00694
2010-01-07,0.00692
2010-01-08,0.00691
2010-01-11,0.00689
2010-01-12,0.00685
2010-01-13,0.00684
2010-01-14,0.00682
2010-01-15,0.0068
2010-01-18,0.00677
2010-01-19,0.00675
2010-01-20,0.00674
2010-01-21,0.00672
2010-01-22,0.0067
2010-01-25,0.00669
2010-01-26,0.00667
2010-01-27,0.00665
2010-01-28,0.00665
2010-01-29,0.00665
2010-02-01,0.00665
2010-02-02,0.00665
2010-02-03,0.00665
2010-02-04,0.00665
2010-02-05,0.00663
2010-02-08,0.00661
2010-02-09,0.00661
2010-02-10,0.00662
2010-02-11,0.00662
2010-02-12,0.00663
2010-02-15,0.00661
2010-02-16,0.00663
2010-02-17,0.00662
2010-02-18,0.0066
2010-02-19,0.00661
2010-02-22,0.00661
2010-02-23,0.00661
2010-02-24,0.00659
2010-02-25,0.00658
2010-02-26,0.00656
2010-03-01,0.00655
2010-03-02,0.00655
2010-03-03,0.00655
2010-03-04,0.00654
2010-03-05,0.00653
2010-03-08,0.00652
2010-03-09,0.00652
2010-03-10,0.00651
2010-03-11,0.0065
2010-03-12,0.00649
2010-03-15,0.00646
2010-03-16,0.00646
2010-03-17,0.00644
2010-03-18,0.00643
2010-03-19,0.00642
2010-03-22,0.00639
2010-03-23,0.00637
2010-03-24,0.00636
2010-03-25,0.00635
2010-03-26,0.00636
2010-03-29,0.00635
2010-03-30,0.00635
2010-03-31,0.00634
2010-04-01,0.00635
2010-04-06,0.00638
2010-04-07,0.00639
2010-04-08,0.0064
2010-04-09,0.00641
2010-04-12,0.00642
2010-04-13,0.00644
2010-04-14,0.00644
2010-04-15,0.00644
2010-04-16,0.00644
2010-04-19,0.00643
2010-04-20,0.00642
2010-04-21,0.00642
2010-04-22,0.00644
2010-04-23,0.00645
2010-04-26,0.00645
2010-04-27,0.00646
2010-04-28,0.00654
2010-04-29,0.00659
2010-04-30,0.00663
2010-05-03,0.00665
2010-05-04,0.00668
2010-05-05,0.00672
2010-05-06,0.00677
2010-05-07,0.00682
2010-05-10,0.00682
2010-05-11,0.00682
2010-05-12,0.00682
2010-05-13,0.00683
2010-05-14,0.00684
2010-05-17,0.00685
2010-05-18,0.00688
2010-05-19,0.0069
2010-05-20,0.00692
2010-05-21,0.00695
2010-05-24,0.00697
2010-05-25,0.00697
2010-05-26,0.00697
2010-05-27,0.00699
2010-05-28,0.00699
2010-05-31,0.00701
2010-06-01,0.00702
2010-06-02,0.00704
2010-06-03,0.00706
2010-06-04,0.00707
2010-06-07,0.00711
2010-06-08,0.00713
2010-06-09,0.00715
2010-06-10,0.00718
2010-06-11,0.00719
2010-06-14,0.0072
2010-06-15,0.00723
2010-06-16,0.00727
2010-06-17,0.00729
2010-06-18,0.00732
2010-06-21,0.00733
2010-06-22,0.00737
2010-06-23,0.00739
2010-06-24,0.00742
2010-06-25,0.00748
2010-06-28,0.00754
2010-06-29,0.00761
2010-06-30,0.00767
2010-07-01,0.00782
2010-07-02,0.0079
2010-07-05,0.00793
2010-07-06,0.00797
2010-07-07,0.00802
2010-07-08,0.0081
2010-07-09,0.00822
2010-07-12,0.00827
2010-07-13,0.00835
2010-07-14,0.0084
2010-07-15,0.00846
2010-07-16,0.00861
2010-07-19,0.0087
2010-07-20,0.00876
2010-07-21,0.00881
2010-07-22,0.00884
2010-07-23,0.00885
2010-07-26,0.00889
2010-07-27,0.00893
2010-07-28,0.00896
2010-07-29,0.00899
2010-07-30,0.00896
2010-08-02,0.00898
2010-08-03,0.00899
2010-08-04,0.009
2010-08-05,0.00904
2010-08-06,0.00905
2010-08-09,0.00904
2010-08-10,0.00904
2010-08-11,0.00903
2010-08-12,0.00899
2010-08-13,0.00898
2010-08-16,0.00896
2010-08-17,0.00895
2010-08-18,0.00894
2010-08-19,0.00891
2010-08-20,0.0089
2010-08-23,0.00891
2010-08-24,0.00889
2010-08-25,0.0089
2010-08-26,0.00889
2010-08-27,0.00888
2010-08-30,0.00888
2010-08-31,0.00886
2010-09-01,0.00886
2010-09-02,0.00884
2010-09-03,0.00883
2010-09-06,0.00882
2010-09-07,0.00881
2010-09-08,0.0088
2010-09-09,0.00879
2010-09-10,0.00878
2010-09-13,0.00879
2010-09-14,0.00877
2010-09-15,0.00876
2010-09-16,0.00879
2010-09-17,0.00879
2010-09-20,0.00876
2010-09-21,0.00879
2010-09-22,0.00879
2010-09-23,0.00878
2010-09-24,0.00879
2010-09-27,0.00879
2010-09-28,0.0088
2010-09-29,0.00886
2010-09-30,0.00892
2010-10-01,0.00942
2010-10-04,0.00953
2010-10-05,0.00956
2010-10-06,0.00959
2010-10-07,0.00965
2010-10-08,0.00972
2010-10-11,0.00977
2010-10-12,0.00982
2010-10-13,0.00985
2010-10-14,0.00987
2010-10-15,0.00993
2010-10-18,0.01
2010-10-19,0.01008
2010-10-20,0.01016
2010-10-21,0.01025
2010-10-22,0.01029
2010-10-25,0.01032
2010-10-26,0.01037
2010-10-27,0.01043
2010-10-28,0.01045
2010-10-29,0.01045
2010-11-01,0.01046
2010-11-02,0.01047
2010-11-03,0.01049
2010-11-04,0.0105
2010-11-05,0.0105
2010-11-08,0.0105
2010-11-09,0.01049
2010-11-10,0.01048
2010-11-11,0.0105
2010-11-12,0.01049
2010-11-15,0.01048
2010-11-16,0.01046
2010-11-17,0.01044
2010-11-18,0.01041
2010-11-19,0.0104
2010-11-22,0.01039
2010-11-23,0.01035
2010-11-24,0.0103
2010-11-25,0.01031
2010-11-26,0.01028
2010-11-29,0.01027
2010-11-30,0.01028
2010-12-01,0.01026
2010-12-02,0.01027
2010-12-03,0.01027
2010-12-06,0.01028
2010-12-07,0.01029
2010-12-08,0.01029
2010-12-09,0.01029
2010-12-10,0.01028
2010-12-13,0.01026
2010-12-14,0.01026
2010-12-15,0.01025
2010-12-16,0.01024
2010-12-17,0.01023
2010-12-20,0.01022
2010-12-21,0.01022
2010-12-22,0.01021
2010-12-23,0.01015
2010-12-24,0.01014
2010-12-27,0.01014
2010-12-28,0.01014
2010-12-29,0.01013
2010-12-30,0.0101
2010-12-31,0.01006
2011-01-03,0.01001
2011-01-04,0.00999
2011-01-05,0.00998
2011-01-06,0.00997
2011-01-07,0.00997
2011-01-10,0.00995
2011-01-11,0.00995
2011-01-12,0.00995
2011-01-13,0.00998
2011-01-14,0.01006
2011-01-17,0.01009
2011-01-18,0.01012
2011-01-19,0.01014
2011-01-20,0.01016
2011-01-21,0.01025
2011-01-24,0.01029
2011-01-25,0.01031
2011-01-26,0.01051
2011-01-27,0.01057
2011-01-28,0.01063
2011-01-31,0.01074
2011-02-01,0.01082
2011-02-02,0.01083
2011-02-03,0.01087
2011-02-04,0.01088
2011-02-07,0.01084
2011-02-08,0.01079
2011-02-09,0.01089
2011-02-10,0.01094
2011-02-11,0.01093
2011-02-14,0.01091
2011-02-15,0.0109
2011-02-16,0.01089
2011-02-17,0.01086
2011-02-18,0.01078
2011-02-21,0.01079
2011-02-22,0.01082
2011-02-23,0.01087
2011-02-24,0.01088
2011-02-25,0.01092
2011-02-28,0.01094
2011-03-01,0.01096
2011-03-02,0.01095
2011-03-03,0.01098
2011-03-04,0.01162
2011-03-07,0.01172
2011-03-08,0.0118
2011-03-09,0.01179
2011-03-10,0.01175
2011-03-11,0.01173
2011-03-14,0.01174
2011-03-15,0.01167
2011-03-16,0.0117
2011-03-17,0.0117
2011-03-18,0.01172
2011-03-21,0.01179
2011-03-22,0.01185
2011-03-23,0.01191
2011-03-24,0.01197
2011-03-25,0.01203
2011-03-28,0.0121
2011-03-29,0.01219
2011-03-30,0.01231
2011-03-31,0.01239
2011-04-01,0.01249
2011-04-04,0.01255
2011-04-05,0.01262
2011-04-06,0.01269
2011-04-07,0.0128
2011-04-08,0.01294
2011-04-11,0.01311
2011-04-12,0.0132
2011-04-13,0.01327
2011-04-14,0.01332
2011-04-15,0.01332
2011-04-18,0.01338
2011-04-19,0.01343
2011-04-20,0.01349
2011-04-21,0.01356
2011-04-26,0.01361
2011-04-27,0.01365
2011-04-28,0.01375
2011-04-29,0.01385
2011-05-02,0.01395
2011-05-03,0.01402
2011-05-04,0.01415
2011-05-05,0.01424
2011-05-06,0.01419
2011-05-09,0.01423
2011-05-10,0.01426
2011-05-11,0.0142
2011-05-12,0.0142
2011-05-13,0.01425
2011-05-16,0.01426
2011-05-17,0.01428
2011-05-18,0.01431
2011-05-19,0.01434
2011-05-20,0.01435
2011-05-23,0.01434
2011-05-24,0.01434
2011-05-25,0.01435
2011-05-26,0.01433
2011-05-27,0.0143
2011-05-30,0.0143
2011-05-31,0.01433
2011-06-01,0.01434
2011-06-02,0.01435
2011-06-03,0.01436
2011-06-06,0.01438
2011-06-07,0.01443
2011-06-08,0.01452
2011-06-09,0.01464
2011-06-10,0.01469
2011-06-13,0.01471
2011-06-14,0.01477
2011-06-15,0.01485
2011-06-16,0.01494
2011-06-17,0.01502
2011-06-20,0.0151
2011-06-21,0.0152
2011-06-22,0.01526
2011-06-23,0.01526
2011-06-24,0.01528
2011-06-27,0.01524
2011-06-28,0.01531
2011-06-29,0.01537
2011-06-30,0.01547
2011-07-01,0.01556
2011-07-04,0.01563
2011-07-05,0.01568
2011-07-06,0.01569
2011-07-07,0.01583
2011-07-08,0.01593
2011-07-11,0.01601
2011-07-12,0.01599
2011-07-13,0.01605
2011-07-14,0.01606
2011-07-15,0.01608
2011-07-18,0.01608
2011-07-19,0.01609
2011-07-20,0.01604
2011-07-21,0.01608
2011-07-22,0.01611
2011-07-25,0.01613
2011-07-26,0.01615
2011-07-27,0.01612
2011-07-28,0.0161
2011-07-29,0.01609
2011-08-01,0.01609
2011-08-02,0.01605
2011-08-03,0.01601
2011-08-04,0.01602
2011-08-05,0.01564
2011-08-08,0.0156
2011-08-09,0.01555
2011-08-10,0.01545
2011-08-11,0.01535
2011-08-12,0.01535
2011-08-15,0.01538
2011-08-16,0.01536
2011-08-17,0.01535
2011-08-18,0.01535
2011-08-19,0.01533
2011-08-22,0.01534
2011-08-23,0.01536
2011-08-24,0.01539
2011-08-25,0.01539
2011-08-26,0.0154
2011-08-29,0.0154
2011-08-30,0.0154
2011-08-31,0.01542
2011-09-01,0.01543
2011-09-02,0.01541
2011-09-05,0.01537
2011-09-06,0.01534
2011-09-07,0.01532
2011-09-08,0.01532
2011-09-09,0.0153
2011-09-12,0.01527
2011-09-13,0.01528
2011-09-14,0.01529
2011-09-15,0.01531
2011-09-16,0.01535
2011-09-19,0.01536
2011-09-20,0.01537
2011-09-21,0.01537
2011-09-22,0.01536
2011-09-23,0.01537
2011-09-26,0.01535
2011-09-27,0.01537
2011-09-28,0.01544
2011-09-29,0.0155
2011-09-30,0.01554
2011-10-03,0.01557
2011-10-04,0.01557
2011-10-05,0.01558
2011-10-06,0.01556
2011-10-07,0.01566
2011-10-10,0.01567
2011-10-11,0.0157
2011-10-12,0.01571
2011-10-13,0.01572
2011-10-14,0.01574
2011-10-17,0.01578
2011-10-18,0.01579
2011-10-19,0.01582
2011-10-20,0.01584
2011-10-21,0.01585
2011-10-24,0.01588
2011-10-25,0.01588
2011-10-26,0.01588
2011-10-27,0.0159
2011-10-28,0.01592
2011-10-31,0.01591
2011-11-01,0.01585
2011-11-02,0.01584
2011-11-03,0.0158
2011-11-04,0.01488
2011-11-07,0.01476
2011-11-08,0.01474
2011-11-09,0.0147
2011-11-10,0.01464
2011-11-11,0.01462
2011-11-14,0.01459
2011-11-15,0.01457
2011-11-16,0.01458
2011-11-17,0.0146
2011-11-18,0.01465
2011-11-21,0.01467
2011-11-22,0.01467
2011-11-23,0.01471
2011-11-24,0.01474
2011-11-25,0.01475
2011-11-28,0.01477
2011-11-29,0.01477
2011-11-30,0.01473
2011-12-01,0.01469
2011-12-02,0.01469
2011-12-05,0.0147
2011-12-06,0.01472
2011-12-07,0.01472
2011-12-08,0.0147
2011-12-09,0.01437
2011-12-12,0.0143
2011-12-13,0.01426
2011-12-14,0.01423
2011-12-15,0.01419
2011-12-16,0.01417
2011-12-19,0.01418
2011-12-20,0.01418
2011-12-21,0.01416
2011-12-22,0.0141
2011-12-23,0.01404
2011-12-27,0.01396
2011-12-28,0.01387
2011-12-29,0.01369
2011-12-30,0.01356
2012-01-02,0.01343
2012-01-03,0.01333
2012-01-04,0.01319
2012-01-05,0.01303
2012-01-06,0.01288
2012-01-09,0.01276
2012-01-10,0.01267
2012-01-11,0.01257
2012-01-12,0.01245
2012-01-13,0.01231
2012-01-16,0.01222
2012-01-17,0.01213
2012-01-18,0.01204
2012-01-19,0.01195
2012-01-20,0.01182
2012-01-23,0.01168
2012-01-24,0.01158
2012-01-25,0.01149
2012-01-26,0.01142
2012-01-27,0.01138
2012-01-30,0.01131
2012-01-31,0.01125
2012-02-01,0.01115
2012-02-02,0.01108
2012-02-03,0.01102
2012-02-06,0.01094
2012-02-07,0.01086
2012-02-08,0.01077
2012-02-09,0.0107
2012-02-10,0.01063
2012-02-13,0.01057
2012-02-14,0.01051
2012-02-15,0.01045
2012-02-16,0.01041
2012-02-17,0.01036
2012-02-20,0.01031
2012-02-21,0.01026
2012-02-22,0.01021
2012-02-23,0.01014
2012-02-24,0.01006
2012-02-27,0.00997
2012-02-28,0.00991
2012-02-29,0.00983
2012-03-01,0.00967
2012-03-02,0.00948
2012-03-05,0.00934
2012-03-06,0.0092
2012-03-07,0.00911
2012-03-08,0.00902
2012-03-09,0.00894
2012-03-12,0.00884
2012-03-13,0.00876
2012-03-14,0.00871
2012-03-15,0.00862
2012-03-16,0.00853
2012-03-19,0.00842
2012-03-20,0.00832
2012-03-21,0.00824
2012-03-22,0.00817
2012-03-23,0.00808
2012-03-26,0.008
2012-03-27,0.00794
2012-03-28,0.00787
2012-03-29,0.00783
2012-03-30,0.00777
2012-04-02,0.00771
2012-04-03,0.0077
2012-04-04,0.00768
2012-04-05,0.00766
2012-04-10,0.00764
2012-04-11,0.0076
2012-04-12,0.00757
2012-04-13,0.00753
2012-04-16,0.0075
2012-04-17,0.00746
2012-04-18,0.00741
2012-04-19,0.00737
2012-04-20,0.00734
2012-04-23,0.00731
2012-04-24,0.00727
2012-04-25,0.00724
2012-04-26,0.0072
2012-04-27,0.00715
2012-04-30,0.00708
2012-05-02,0.00704
2012-05-03,0.007
2012-05-04,0.00697
2012-05-07,0.00693
2012-05-08,0.00692
2012-05-09,0.00691
2012-05-10,0.0069
2012-05-11,0.0069
2012-05-14,0.00689
2012-05-15,0.00687
2012-05-16,0.00685
2012-05-17,0.00686
2012-05-18,0.00684
2012-05-21,0.00682
2012-05-22,0.00681
2012-05-23,0.0068
2012-05-24,0.00677
2012-05-25,0.00675
2012-05-28,0.00673
2012-05-29,0.00673
2012-05-30,0.00671
2012-05-31,0.00668
2012-06-01,0.00665
2012-06-04,0.00664
2012-06-05,0.00663
2012-06-06,0.00663
2012-06-07,0.00663
2012-06-08,0.00663
2012-06-11,0.00661
2012-06-12,0.00661
2012-06-13,0.00662
2012-06-14,0.00663
2012-06-15,0.00662
2012-06-18,0.00659
2012-06-19,0.00657
2012-06-20,0.00657
2012-06-21,0.00655
2012-06-22,0.00654
2012-06-25,0.00653
2012-06-26,0.00653
2012-06-27,0.00652
2012-06-28,0.00653
2012-06-29,0.00653
2012-07-02,0.00652
2012-07-03,0.0065
2012-07-04,0.00645
2012-07-05,0.00641
2012-07-06,0.00549
2012-07-09,0.00531
2012-07-10,0.00521
2012-07-11,0.00512
2012-07-12,0.00497
2012-07-13,0.00486
2012-07-16,0.00477
2012-07-17,0.0047
2012-07-18,0.00464
2012-07-19,0.00458
2012-07-20,0.00451
2012-07-23,0.00442
2012-07-24,0.00435
2012-07-25,0.00427
2012-07-26,0.00422
2012-07-27,0.00415
2012-07-30,0.00401
2012-07-31,0.00389
2012-08-01,0.00381
2012-08-02,0.00375
2012-08-03,0.00375
2012-08-06,0.00374
2012-08-07,0.0037
2012-08-08,0.00366
2012-08-09,0.0036
2012-08-10,0.00353
2012-08-13,0.00349
2012-08-14,0.00345
2012-08-15,0.00341
2012-08-16,0.00339
2012-08-17,0.00334
2012-08-20,0.00325
2012-08-21,0.00318
2012-08-22,0.0031
2012-08-23,0.00303
2012-08-24,0.00295
2012-08-27,0.00293
2012-08-28,0.0029
2012-08-29,0.00288
2012-08-30,0.00283
2012-08-31,0.00278
2012-09-03,0.00276
2012-09-04,0.00273
2012-09-05,0.00269
2012-09-06,0.00266
2012-09-07,0.00265
2012-09-10,0.00261
2012-09-11,0.00258
2012-09-12,0.00255
2012-09-13,0.00252
2012-09-14,0.0025
2012-09-17,0.00248
2012-09-18,0.00244
2012-09-19,0.00238
2012-09-20,0.00233
2012-09-21,0.00228
2012-09-24,0.00225
2012-09-25,0.00222
2012-09-26,0.00222
2012-09-27,0.00221
2012-09-28,0.0022
2012-10-01,0.00223
2012-10-02,0.0022
2012-10-03,0.00218
2012-10-04,0.00216
2012-10-05,0.00215
2012-10-08,0.00214
2012-10-09,0.00212
2012-10-10,0.00211
2012-10-11,0.0021
2012-10-12,0.0021
2012-10-15,0.00209
2012-10-16,0.00208
2012-10-17,0.00207
2012-10-18,0.00205
2012-10-19,0.00204
2012-10-22,0.00204
2012-10-23,0.00203
2012-10-24,0.00202
2012-10-25,0.00201
2012-10-26,0.00199
2012-10-29,0.00196
2012-10-30,0.00198
2012-10-31,0.00197
2012-11-01,0.00197
2012-11-02,0.00197
2012-11-05,0.00196
2012-11-06,0.00196
2012-11-07,0.00196
2012-11-08,0.00194
2012-11-09,0.00193
2012-11-12,0.00192
2012-11-13,0.00192
2012-11-14,0.00191
2012-11-15,0.00191
2012-11-16,0.00191
2012-11-19,0.00191
2012-11-20,0.0019
2012-11-21,0.0019
2012-11-22,0.0019
2012-11-23,0.0019
2012-11-26,0.00189
2012-11-27,0.00189
2012-11-28,0.00188
2012-11-29,0.0019
2012-11-30,0.00191
2012-12-03,0.0019
2012-12-04,0.00191
2012-12-05,0.0019
2012-12-06,0.0019
2012-12-07,0.00187
2012-12-10,0.00183
2012-12-11,0.00181
2012-12-12,0.00183
2012-12-13,0.00183
2012-12-14,0.00184
2012-12-17,0.00184
2012-12-18,0.00184
2012-12-19,0.00183
2012-12-20,0.00183
2012-12-21,0.00184
2012-12-24,0.00186
2012-12-27,0.00185
2012-12-28,0.00186
2012-12-31,0.00187
2013-01-02,0.00188
2013-01-03,0.00189
2013-01-04,0.00191
2013-01-07,0.00192
2013-01-08,0.00192
2013-01-09,0.00192
2013-01-10,0.0019
2013-01-11,0.00195
2013-01-14,0.00199
2013-01-15,0.00202
2013-01-16,0.00201
2013-01-17,0.00204
2013-01-18,0.00209
2013-01-21,0.00209
2013-01-22,0.00209
2013-01-23,0.00209
2013-01-24,0.00211
2013-01-25,0.00214
2013-01-28,0.00224
2013-01-29,0.00226
2013-01-30,0.0023
2013-01-31,0.00232
2013-02-01,0.00234
2013-02-04,0.00233
2013-02-05,0.00233
2013-02-06,0.00233
2013-02-07,0.00232
2013-02-08,0.00227
2013-02-11,0.00227
2013-02-12,0.00226
2013-02-13,0.00226
2013-02-14,0.00226
2013-02-15,0.00225
2013-02-18,0.00223
2013-02-19,0.00221
2013-02-20,0.00221
2013-02-21,0.0022
2013-02-22,0.00218
2013-02-25,0.00213
2013-02-26,0.0021
2013-02-27,0.0021
2013-02-28,0.00209
2013-03-01,0.00206
2013-03-04,0.00202
2013-03-05,0.002
2013-03-06,0.002
2013-03-07,0.002
2013-03-08,0.00201
2013-03-11,0.00201
2013-03-12,0.00201
2013-03-13,0.00203
2013-03-14,0.00204
2013-03-15,0.00204
2013-03-18,0.00206
2013-03-19,0.00207
2013-03-20,0.0021
2013-03-21,0.00211
2013-03-22,0.00215
2013-03-25,0.00214
2013-03-26,0.00213
2013-03-27,0.00212
2013-03-28,0.00211
2013-04-02,0.0021
2013-04-03,0.0021
2013-04-04,0.0021
2013-04-05,0.0021
2013-04-08,0.0021
2013-04-09,0.00211
2013-04-10,0.00211
2013-04-11,0.00211
2013-04-12,0.0021
2013-04-15,0.0021
2013-04-16,0.0021
2013-04-17,0.0021
2013-04-18,0.00208
2013-04-19,0.00208
2013-04-22,0.00208
2013-04-23,0.00207
2013-04-24,0.00206
2013-04-25,0.00206
2013-04-26,0.00207
2013-04-29,0.00207
2013-04-30,0.00207
2013-05-02,0.00207
2013-05-03,0.00201
2013-05-06,0.00202
2013-05-07,0.00202
2013-05-08,0.00203
2013-05-09,0.00203
2013-05-10,0.00203
2013-05-13,0.00203
2013-05-14,0.00203
2013-05-15,0.00203
2013-05-16,0.00202
2013-05-17,0.002
2013-05-20,0.00199
2013-05-21,0.00198
2013-05-22,0.00199
2013-05-23,0.00199
2013-05-24,0.002
2013-05-27,0.00201
2013-05-28,0.00199
2013-05-29,0.002
2013-05-30,0.002
2013-05-31,0.002
2013-06-03,0.002
2013-06-04,0.002
2013-06-05,0.002
2013-06-06,0.002
2013-06-07,0.00203
2013-06-10,0.00204
2013-06-11,0.00205
2013-06-12,0.00208
2013-06-13,0.00209
2013-06-14,0.00209
2013-06-17,0.0021
2013-06-18,0.0021
2013-06-19,0.00212
2013-06-20,0.00214
2013-06-21,0.00216
2013-06-24,0.00221
2013-06-25,0.00225
2013-06-26,0.00222
2013-06-27,0.00219
2013-06-28,0.00218
2013-07-01,0.00222
2013-07-02,0.00221
2013-07-03,0.00222
2013-07-04,0.00222
2013-07-05,0.00217
2013-07-08,0.00217
2013-07-09,0.00217
2013-07-10,0.00217
2013-07-11,0.00218
2013-07-12,0.0022
2013-07-15,0.00219
2013-07-16,0.00219
2013-07-17,0.0022
2013-07-18,0.0022
2013-07-19,0.0022
2013-07-22,0.00221
2013-07-23,0.00224
2013-07-24,0.00225
2013-07-25,0.00225
2013-07-26,0.00226
2013-07-29,0.00226
2013-07-30,0.00227
2013-07-31,0.00228
2013-08-01,0.00228
2013-08-02,0.00228
2013-08-05,0.00227
2013-08-06,0.00228
2013-08-07,0.00227
2013-08-08,0.00227
2013-08-09,0.00227
2013-08-12,0.00226
2013-08-13,0.00225
2013-08-14,0.00226
2013-08-15,0.00226
2013-08-16,0.00226
2013-08-19,0.00226
2013-08-20,0.00225
2013-08-21,0.00224
2013-08-22,0.00224
2013-08-23,0.00225
2013-08-26,0.00225
2013-08-27,0.00225
2013-08-28,0.00225
2013-08-29,0.00225
2013-08-30,0.00224
2013-09-02,0.00225
2013-09-03,0.00225
2013-09-04,0.00225
2013-09-05,0.00225
2013-09-06,0.00225
2013-09-09,0.00225
2013-09-10,0.00225
2013-09-11,0.00224
2013-09-12,0.00224
2013-09-13,0.00223
2013-09-16,0.00223
2013-09-17,0.00222
2013-09-18,0.00222
2013-09-19,0.00221
2013-09-20,0.00221
2013-09-23,0.00221
2013-09-24,0.00221
2013-09-25,0.00221
2013-09-26,0.00221
2013-09-27,0.00224
2013-09-30,0.00225
2013-10-01,0.00225
2013-10-02,0.00225
2013-10-03,0.00224
2013-10-04,0.00225
2013-10-07,0.00225
2013-10-08,0.00227
2013-10-09,0.00228
2013-10-10,0.00227
2013-10-11,0.00227
2013-10-14,0.00227
2013-10-15,0.00225
2013-10-16,0.00225
2013-10-17,0.00224
2013-10-18,0.00224
2013-10-21,0.00223
2013-10-22,0.00223
2013-10-23,0.00222
2013-10-24,0.00225
2013-10-25,0.00228
2013-10-28,0.00229
2013-10-29,0.00228
2013-10-30,0.00228
2013-10-31,0.0023
2013-11-01,0.00226
2013-11-04,0.00227
2013-11-05,0.00227
2013-11-06,0.00228
2013-11-07,0.00228
2013-11-08,0.00217
2013-11-11,0.00218
2013-11-12,0.00218
2013-11-13,0.00218
2013-11-14,0.00217
2013-11-15,0.00218
2013-11-18,0.00218
2013-11-19,0.00218
2013-11-20,0.00219
2013-11-21,0.00217
2013-11-22,0.00223
2013-11-25,0.00227
2013-11-26,0.0023
2013-11-27,0.0023
2013-11-28,0.00233
2013-11-29,0.00234
2013-12-02,0.00236
2013-12-03,0.00239
2013-12-04,0.00239
2013-12-05,0.0024
2013-12-06,0.00248
2013-12-09,0.00255
2013-12-10,0.0026
2013-12-11,0.00267
2013-12-12,0.00277
2013-12-13,0.00282
2013-12-16,0.0029
2013-12-17,0.00298
2013-12-18,0.00298
2013-12-19,0.00293
2013-12-20,0.00292
2013-12-23,0.00294
2013-12-24,0.00294
2013-12-27,0.00293
2013-12-30,0.00288
2013-12-31,0.00287
2014-01-02,0.00284
2014-01-03,0.0028
2014-01-06,0.0028
2014-01-07,0.0028
2014-01-08,0.00281
2014-01-09,0.00282
2014-01-10,0.00282
2014-01-13,0.00282
2014-01-14,0.00282
2014-01-15,0.0029
2014-01-16,0.003
2014-01-17,0.00302
2014-01-20,0.00302
2014-01-21,0.00302
2014-01-22,0.00301
2014-01-23,0.003
2014-01-24,0.003
2014-01-27,0.003
2014-01-28,0.00301
2014-01-29,0.003
2014-01-30,0.00298
2014-01-31,0.00296
2014-02-03,0.0029
2014-02-04,0.00288
2014-02-05,0.00287
2014-02-06,0.00286
2014-02-07,0.00291
2014-02-10,0.00291
2014-02-11,0.00291
2014-02-12,0.00291
2014-02-13,0.00288
2014-02-14,0.00287
2014-02-17,0.00287
2014-02-18,0.00288
2014-02-19,0.00287
2014-02-20,0.00286
2014-02-21,0.00287
2014-02-24,0.00288
2014-02-25,0.00289
2014-02-26,0.00288
2014-02-27,0.00286
2014-02-28,0.00286
2014-03-03,0.00288
2014-03-04,0.00287
2014-03-05,0.00286
2014-03-06,0.00287
2014-03-07,0.00299
2014-03-10,0.00307
2014-03-11,0.00304
2014-03-12,0.00304
2014-03-13,0.00304
2014-03-14,0.00303
2014-03-17,0.00305
2014-03-18,0.00309
2014-03-19,0.00312
2014-03-20,0.00313
2014-03-21,0.00315
2014-03-24,0.0032
2014-03-25,0.00318
2014-03-26,0.00315
2014-03-27,0.00313
2014-03-28,0.0031
2014-03-31,0.00313
2014-04-01,0.00313
2014-04-02,0.00319
2014-04-03,0.00319
2014-04-04,0.00325
2014-04-07,0.00327
2014-04-08,0.00327
2014-04-09,0.00327
2014-04-10,0.00327
2014-04-11,0.00328
2014-04-14,0.00328
2014-04-15,0.00327
2014-04-16,0.00327
2014-04-17,0.00328
2014-04-22,0.00329
2014-04-23,0.00332
2014-04-24,0.00337
2014-04-25,0.00344
2014-04-28,0.00345
2014-04-29,0.00347
2014-04-30,0.00339
2014-05-02,0.00336
2014-05-05,0.00336
2014-05-06,0.00337
2014-05-07,0.00338
2014-05-08,0.00338
2014-05-09,0.00336
2014-05-12,0.00335
2014-05-13,0.00335
2014-05-14,0.00328
2014-05-15,0.00321
2014-05-16,0.00318
2014-05-19,0.00318
2014-05-20,0.00318
2014-05-21,0.00319
2014-05-22,0.00318
2014-05-23,0.00317
2014-05-26,0.00317
2014-05-27,0.00316
2014-05-28,0.00314
2014-05-29,0.0031
2014-05-30,0.00311
2014-06-02,0.00309
2014-06-03,0.00307
2014-06-04,0.00301
2014-06-05,0.00292
2014-06-06,0.00267
2014-06-09,0.00264
2014-06-10,0.00263
2014-06-11,0.00258
2014-06-12,0.00242
2014-06-13,0.00234
2014-06-16,0.00223
2014-06-17,0.00217
2014-06-18,0.00216
2014-06-19,0.00212
2014-06-20,0.00212
2014-06-23,0.00211
2014-06-24,0.00211
2014-06-25,0.00208
2014-06-26,0.00209
2014-06-27,0.00207
2014-06-30,0.00207
2014-07-01,0.00206
2014-07-02,0.00205
2014-07-03,0.00206
2014-07-04,0.00204
2014-07-07,0.00203
2014-07-08,0.00203
2014-07-09,0.00203
2014-07-10,0.00202
2014-07-11,0.00203
2014-07-14,0.00203
2014-07-15,0.00202
2014-07-16,0.00201
2014-07-17,0.00201
2014-07-18,0.00202
2014-07-21,0.00204
2014-07-22,0.00206
2014-07-23,0.00208
2014-07-24,0.00209
2014-07-25,0.00209
2014-07-28,0.00209
2014-07-29,0.00209
2014-07-30,0.00209
2014-07-31,0.00209
2014-08-01,0.00208
2014-08-04,0.00208
2014-08-05,0.00207
2014-08-06,0.00206
2014-08-07,0.00205
2014-08-08,0.00203
2014-08-11,0.00202
2014-08-12,0.00201
2014-08-13,0.00199
2014-08-14,0.00198
2014-08-15,0.00197
2014-08-18,0.00196
2014-08-19,0.00191
2014-08-20,0.00187
2014-08-21,0.00186
2014-08-22,0.00183
2014-08-25,0.00175
2014-08-26,0.00171
2014-08-27,0.0017
2014-08-28,0.00167
2014-08-29,0.00163
2014-09-01,0.00159
2014-09-02,0.00152
2014-09-03,0.0015
2014-09-04,0.00149
2014-09-05,0.00104
2014-09-08,0.00094
2014-09-09,0.00089
2014-09-10,0.00087
2014-09-11,0.00084
2014-09-12,0.00082
2014-09-15,0.00081
2014-09-16,0.00081
2014-09-17,0.00082
2014-09-18,0.00082
2014-09-19,0.00083
2014-09-22,0.00082
2014-09-23,0.00082
2014-09-24,0.00083
2014-09-25,0.00082
2014-09-26,0.00082
2014-09-29,0.00083
2014-09-30,0.00083
2014-10-01,0.00082
2014-10-02,0.00081
2014-10-03,0.00081
2014-10-06,0.00079
2014-10-07,0.00079
2014-10-08,0.0008
2014-10-09,0.00079
2014-10-10,0.00079
2014-10-13,0.00082
2014-10-14,0.00082
2014-10-15,0.00081
2014-10-16,0.00081
2014-10-17,0.00081
2014-10-20,0.00081
2014-10-21,0.00082
2014-10-22,0.00084
2014-10-23,0.00085
2014-10-24,0.00085
2014-10-27,0.00088
2014-10-28,0.00088
2014-10-29,0.00088
2014-10-30,0.00086
2014-10-31,0.00086
2014-11-03,0.00085
2014-11-04,0.00084
2014-11-05,0.00081
2014-11-06,0.00081
2014-11-07,0.0008
2014-11-10,0.0008
2014-11-11,0.00079
2014-11-12,0.00079
2014-11-13,0.00078
2014-11-14,0.00079
2014-11-17,0.0008
2014-11-18,0.00081
2014-11-19,0.00081
2014-11-20,0.00081
2014-11-21,0.00081
2014-11-24,0.00081
2014-11-25,0.00081
2014-11-26,0.00082
2014-11-27,0.00082
2014-11-28,0.00082
2014-12-01,0.00082
2014-12-02,0.00081
2014-12-03,0.00081
2014-12-04,0.00082
2014-12-05,0.00082
2014-12-08,0.00082
2014-12-09,0.00082
2014-12-10,0.00083
2014-12-11,0.00082
2014-12-12,0.00082
2014-12-15,0.00082
2014-12-16,0.00082
2014-12-17,0.00081
2014-12-18,0.00079
2014-12-19,0.00081
2014-12-22,0.00081
2014-12-23,0.00079
2014-12-24,0.0008
2014-12-29,0.00079
2014-12-30,0.00078
2014-12-31,0.00078
2015-01-02,0.00076
2015-01-05,0.00075
2015-01-06,0.00073
2015-01-07,0.0007
2015-01-08,0.0007
2015-01-09,0.0007
2015-01-12,0.00071
2015-01-13,0.00071
2015-01-14,0.00069
2015-01-15,0.00069
2015-01-16,0.0006
2015-01-19,0.00056
2015-01-20,0.00055
2015-01-21,0.00055
2015-01-22,0.00055
2015-01-23,0.00053
2015-01-26,0.00054
2015-01-27,0.00055
2015-01-28,0.00053
2015-01-29,0.00052
2015-01-30,0.00054
2015-02-02,0.00055
2015-02-03,0.00055
2015-02-04,0.00055
2015-02-05,0.00051
2015-02-06,0.00053
2015-02-09,0.00051
2015-02-10,0.0005
2015-02-11,0.00049
2015-02-12,0.00048
2015-02-13,0.00048
2015-02-16,0.00048
2015-02-17,0.00047
2015-02-18,0.00048
2015-02-19,0.00048
2015-02-20,0.00048
2015-02-23,0.00045
2015-02-24,0.00044
2015-02-25,0.00042
2015-02-26,0.0004
2015-02-27,0.00039
2015-03-02,0.00039
2015-03-03,0.00038
2015-03-04,0.00038
2015-03-05,0.00036
2015-03-06,0.00036
2015-03-09,0.00035
2015-03-10,0.00032
2015-03-11,0.00029
2015-03-12,0.00027
2015-03-13,0.00025
2015-03-16,0.00025
2015-03-17,0.00025
2015-03-18,0.00025
2015-03-19,0.00024
2015-03-20,0.00021
2015-03-23,0.00022
2015-03-24,0.00021
2015-03-25,0.00021
2015-03-26,0.00021
2015-03-27,0.00021
2015-03-30,0.00018
2015-03-31,0.00019
2015-04-01,0.00018
2015-04-02,0.00018
2015-04-07,0.00016
2015-04-08,0.00014
2015-04-09,0.00012
2015-04-10,0.00012
2015-04-13,0.00011
2015-04-14,0.00008
2015-04-15,0.00004
2015-04-16,0.00002
2015-04-17,0.00001
2015-04-20,0.00001
2015-04-21,-0.00001
2015-04-22,-0.00002
2015-04-23,-0.00002
2015-04-24,-0.00001
2015-04-27,-0.00002
2015-04-28,-0.00005
2015-04-29,-0.00005
2015-04-30,-0.00005
2015-05-04,-0.00007
2015-05-05,-0.00008
2015-05-06,-0.00008
2015-05-07,-0.00009
2015-05-08,-0.00009
2015-05-11,-0.00009
2015-05-12,-0.00009
2015-05-13,-0.00009
2015-05-14,-0.00009
2015-05-15,-0.0001
2015-05-18,-0.00011
2015-05-19,-0.00012
2015-05-20,-0.00012
2015-05-21,-0.00012
2015-05-22,-0.00012
2015-05-25,-0.00012
2015-05-26,-0.00013
2015-05-27,-0.00013
2015-05-28,-0.00013
2015-05-29,-0.00012
2015-06-01,-0.00013
2015-06-02,-0.00013
2015-06-03,-0.00014
2015-06-04,-0.00013
2015-06-05,-0.00013
2015-06-08,-0.00013
2015-06-09,-0.00013
2015-06-10,-0.00014
2015-06-11,-0.00014
2015-06-12,-0.00014
2015-06-15,-0.00014
2015-06-16,-0.00014
2015-06-17,-0.00014
2015-06-18,-0.00014
2015-06-19,-0.00014
2015-06-22,-0.00014
2015-06-23,-0.00014
2015-06-24,-0.00014
2015-06-25,-0.00015
2015-06-26,-0.00015
2015-06-29,-0.00016
2015-06-30,-0.00014
2015-07-01,-0.00014
2015-07-02,-0.00015
2015-07-03,-0.00015
2015-07-06,-0.00016
2015-07-07,-0.00018
2015-07-08,-0.00018
2015-07-09,-0.00018
2015-07-10,-0.00018
2015-07-13,-0.00019
2015-07-14,-0.00019
2015-07-15,-0.00019
2015-07-16,-0.00019
2015-07-17,-0.00019
2015-07-20,-0.00019
2015-07-21,-0.00019
2015-07-22,-0.00019
2015-07-23,-0.00019
2015-07-24,-0.00019
2015-07-27,-0.0002
2015-07-28,-0.00021
2015-07-29,-0.00022
2015-07-30,-0.00023
2015-07-31,-0.00023
2015-08-03,-0.00023
2015-08-04,-0.00023
2015-08-05,-0.00024
2015-08-06,-0.00024
2015-08-07,-0.00024
2015-08-10,-0.00024
2015-08-11,-0.00024
2015-08-12,-0.00024
2015-08-13,-0.00024
2015-08-14,-0.00025
2015-08-17,-0.00027
2015-08-18,-0.00028
2015-08-19,-0.00029
2015-08-20,-0.0003
2015-08-21,-0.00031
2015-08-24,-0.00032
2015-08-25,-0.00033
2015-08-26,-0.00033
2015-08-27,-0.00033
2015-08-28,-0.00033
2015-08-31,-0.00033
2015-09-01,-0.00033
2015-09-02,-0.00033
2015-09-03,-0.00033
2015-09-04,-0.00034
2015-09-07,-0.00034
2015-09-08,-0.00035
2015-09-09,-0.00035
2015-09-10,-0.00036
2015-09-11,-0.00038
2015-09-14,-0.00038
2015-09-15,-0.00036
2015-09-16,-0.00037
2015-09-17,-0.00037
2015-09-18,-0.00037
2015-09-21,-0.00038
2015-09-22,-0.00039
2015-09-23,-0.00039
2015-09-24,-0.0004
2015-09-25,-0.00041
2015-09-28,-0.00041
2015-09-29,-0.00041
2015-09-30,-0.0004
2015-10-01,-0.00043
2015-10-02,-0.00044
2015-10-05,-0.00046
2015-10-06,-0.00046
2015-10-07,-0.00046
2015-10-08,-0.00048
2015-10-09,-0.00049
2015-10-12,-0.00049
2015-10-13,-0.00049
2015-10-14,-0.00049
2015-10-15,-0.00052
2015-10-16,-0.00051
2015-10-19,-0.00054
2015-10-20,-0.00053
2015-10-21,-0.00053
2015-10-22,-0.00053
2015-10-23,-0.00061
2015-10-26,-0.00064
2015-10-27,-0.00066
2015-10-28,-0.00067
2015-10-29,-0.00068
2015-10-30,-0.00068
2015-11-02,-0.00066
2015-11-03,-0.00069
2015-11-04,-0.00069
2015-11-05,-0.00071
2015-11-06,-0.00073
2015-11-09,-0.00073
2015-11-10,-0.00077
2015-11-11,-0.00079
2015-11-12,-0.00081
2015-11-13,-0.00083
2015-11-16,-0.00086
2015-11-17,-0.00091
2015-11-18,-0.00092
2015-11-19,-0.00092
2015-11-20,-0.00095
2015-11-23,-0.00099
2015-11-24,-0.00104
2015-11-25,-0.00104
2015-11-26,-0.00109
2015-11-27,-0.00113
2015-11-30,-0.00114
2015-12-01,-0.00116
2015-12-02,-0.00118
2015-12-03,-0.00124
2015-12-04,-0.00113
2015-12-07,-0.00113
2015-12-08,-0.00116
2015-12-09,-0.00119
2015-12-10,-0.00125
2015-12-11,-0.00128
2015-12-14,-0.00129
2015-12-15,-0.00132
2015-12-16,-0.00133
2015-12-17,-0.00133
2015-12-18,-0.00131
2015-12-21,-0.0013
2015-12-22,-0.00131
2015-12-23,-0.00131
2015-12-24,-0.00131
2015-12-28,-0.00131
2015-12-29,-0.00132
2015-12-30,-0.00132
2015-12-31,-0.00131
2016-01-04,-0.00132
2016-01-05,-0.00133
2016-01-06,-0.00136
2016-01-07,-0.00142
2016-01-08,-0.00143
2016-01-11,-0.00143
2016-01-12,-0.00144
2016-01-13,-0.00144
2016-01-14,-0.00143
2016-01-15,-0.00142
2016-01-18,-0.00142
2016-01-19,-0.00143
2016-01-20,-0.00144
2016-01-21,-0.00146
2016-01-22,-0.00152
2016-01-25,-0.00155
2016-01-26,-0.00158
2016-01-27,-0.00159
2016-01-28,-0.0016
2016-01-29,-0.00162
2016-02-01,-0.00162
2016-02-02,-0.00161
2016-02-03,-0.00162
2016-02-04,-0.00166
2016-02-05,-0.00167
2016-02-08,-0.00169
2016-02-09,-0.00171
2016-02-10,-0.00175
2016-02-11,-0.00179
2016-02-12,-0.00183
2016-02-15,-0.00183
2016-02-16,-0.00187
2016-02-17,-0.00189
2016-02-18,-0.00195
2016-02-19,-0.00198
2016-02-22,-0.00199
2016-02-23,-0.002
2016-02-24,-0.00201
2016-02-25,-0.00201
2016-02-26,-0.00202
2016-02-29,-0.00205
2016-03-01,-0.00207
2016-03-02,-0.00208
2016-03-03,-0.00213
2016-03-04,-0.00215
2016-03-07,-0.00216
2016-03-08,-0.00221
2016-03-09,-0.00224
2016-03-10,-0.00229
2016-03-11,-0.00225
2016-03-14,-0.00226
2016-03-15,-0.00227
2016-03-16,-0.0023
2016-03-17,-0.00234
2016-03-18,-0.00235
2016-03-21,-0.00238
2016-03-22,-0.00239
2016-03-23,-0.00241
2016-03-24,-0.00242
2016-03-29,-0.00242
2016-03-30,-0.00243
2016-03-31,-0.00244
2016-04-01,-0.00245
2016-04-04,-0.00246
2016-04-05,-0.00248
2016-04-06,-0.00248
2016-04-07,-0.00247
2016-04-08,-0.00248
2016-04-11,-0.00251
2016-04-12,-0.00249
2016-04-13,-0.00249
2016-04-14,-0.00251
2016-04-15,-0.00249
2016-04-18,-0.00249
2016-04-19,-0.0025
2016-04-20,-0.00249
2016-04-21,-0.00249
2016-04-22,-0.00249
2016-04-25,-0.0025
2016-04-26,-0.00252
2016-04-27,-0.00251
2016-04-28,-0.00252
2016-04-29,-0.00251
2016-05-02,-0.0025
2016-05-03,-0.00251
2016-05-04,-0.00253
2016-05-05,-0.00255
2016-05-06,-0.00256
2016-05-09,-0.00258
2016-05-10,-0.0026
2016-05-11,-0.00259
2016-05-12,-0.00258
2016-05-13,-0.00257
2016-05-16,-0.00257
2016-05-17,-0.00257
2016-05-18,-0.00257
2016-05-19,-0.00258
2016-05-20,-0.00258
2016-05-23,-0.00258
2016-05-24,-0.00258
2016-05-25,-0.00258
2016-05-26,-0.00258
2016-05-27,-0.0026
2016-05-30,-0.00261
2016-05-31,-0.00261
2016-06-01,-0.00261
2016-06-02,-0.00262
2016-06-03,-0.00261
2016-06-06,-0.00262
2016-06-07,-0.00261
2016-06-08,-0.00264
2016-06-09,-0.00262
2016-06-10,-0.00263
2016-06-13,-0.00263
2016-06-14,-0.00262
2016-06-15,-0.00262
2016-06-16,-0.00264
2016-06-17,-0.00265
2016-06-20,-0.00266
2016-06-21,-0.00266
2016-06-22,-0.00268
2016-06-23,-0.00269
2016-06-24,-0.00281
2016-06-27,-0.00283
2016-06-28,-0.00281
2016-06-29,-0.00282
2016-06-30,-0.00286
2016-07-01,-0.0029
2016-07-04,-0.00291
2016-07-05,-0.00292
2016-07-06,-0.00293
2016-07-07,-0.00293
2016-07-08,-0.00293
2016-07-11,-0.00292
2016-07-12,-0.00291
2016-07-13,-0.00295
2016-07-14,-0.00295
2016-07-15,-0.00293
2016-07-18,-0.00295
2016-07-19,-0.00295
2016-07-20,-0.00297
2016-07-21,-0.00297
2016-07-22,-0.00297
2016-07-25,-0.00297
2016-07-26,-0.00298
2016-07-27,-0.00298
2016-07-28,-0.00296
2016-07-29,-0.00297
2016-08-01,-0.00297
2016-08-02,-0.00298
2016-08-03,-0.00299
2016-08-04,-0.00298
2016-08-05,-0.00298
2016-08-08,-0.00298
2016-08-09,-0.00298
2016-08-10,-0.00297
2016-08-11,-0.00299
2016-08-12,-0.00299
2016-08-15,-0.00298
2016-08-16,-0.00299
2016-08-17,-0.00298
2016-08-18,-0.00299
2016-08-19,-0.00298
2016-08-22,-0.00299
2016-08-23,-0.00298
2016-08-24,-0.00298
2016-08-25,-0.00298
2016-08-26,-0.00298
2016-08-29,-0.00297
2016-08-30,-0.00299
2016-08-31,-0.00299
2016-09-01,-0.00299
2016-09-02,-0.00301
2016-09-05,-0.00301
2016-09-06,-0.00303
2016-09-07,-0.00303
2016-09-08,-0.00304
2016-09-09,-0.00301
2016-09-12,-0.00303
2016-09-13,-0.00302
2016-09-14,-0.00303
2016-09-15,-0.00301
2016-09-16,-0.00301
2016-09-19,-0.00301
2016-09-20,-0.00301
2016-09-21,-0.00301
2016-09-22,-0.00301
2016-09-23,-0.00302
2016-09-26,-0.00303
2016-09-27,-0.00301
2016-09-28,-0.00302
2016-09-29,-0.00301
2016-09-30,-0.00301
2016-10-03,-0.00301
2016-10-04,-0.00301
2016-10-05,-0.00302
2016-10-06,-0.00304
2016-10-07,-0.00304
2016-10-10,-0.00305
2016-10-11,-0.00306
2016-10-12,-0.00309
2016-10-13,-0.00311
2016-10-14,-0.00311
2016-10-17,-0.00311
2016-10-18,-0.00312
2016-10-19,-0.00313
2016-10-20,-0.00313
2016-10-21,-0.00312
2016-10-24,-0.00311
2016-10-25,-0.00312
2016-10-26,-0.00313
2016-10-27,-0.00312
2016-10-28,-0.00313
2016-10-31,-0.00313
2016-11-01,-0.00313
2016-11-02,-0.00313
2016-11-03,-0.00313
2016-11-04,-0.00312
2016-11-07,-0.00312
2016-11-08,-0.00312
2016-11-09,-0.00312
2016-11-10,-0.00312
2016-11-11,-0.00312
2016-11-14,-0.00312
2016-11-15,-0.00312
2016-11-16,-0.00311
2016-11-17,-0.00312
2016-11-18,-0.00313
2016-11-21,-0.00312
2016-11-22,-0.00313
2016-11-23,-0.00313
2016-11-24,-0.00314
2016-11-25,-0.00314
2016-11-28,-0.00314
2016-11-29,-0.00314
2016-11-30,-0.00314
2016-12-01,-0.00313
2016-12-02,-0.00313
2016-12-05,-0.00313
2016-12-06,-0.00315
2016-12-07,-0.00316
2016-12-08,-0.00318
2016-12-09,-0.00316
2016-12-12,-0.00316
2016-12-13,-0.00316
2016-12-14,-0.00316
2016-12-15,-0.00316
2016-12-16,-0.00314
2016-12-19,-0.00313
2016-12-20,-0.00313
2016-12-21,-0.00315
2016-12-22,-0.00316
2016-12-23,-0.00317
2016-12-27,-0.00318
2016-12-28,-0.00319
2016-12-29,-0.00319
2016-12-30,-0.00319
2017-01-02,-0.00318
2017-01-03,-0.00319
2017-01-04,-0.0032
2017-01-05,-0.00321
2017-01-06,-0.00321
2017-01-09,-0.00322
2017-01-10,-0.00324
2017-01-11,-0.00326
2017-01-12,-0.00327
2017-01-13,-0.00327
2017-01-16,-0.00328
2017-01-17,-0.00329
2017-01-18,-0.00329
2017-01-19,-0.00329
2017-01-20,-0.00328
2017-01-23,-0.00327
2017-01-24,-0.00328
2017-01-25,-0.00328
2017-01-26,-0.00328
2017-01-27,-0.00328
2017-01-30,-0.00328
2017-01-31,-0.00327
2017-02-01,-0.00328
2017-02-02,-0.00328
2017-02-03,-0.00328
2017-02-06,-0.00328
2017-02-07,-0.00328
2017-02-08,-0.00328
2017-02-09,-0.00328
2017-02-10,-0.00329
2017-02-13,-0.00329
2017-02-14,-0.00328
2017-02-15,-0.00328
2017-02-16,-0.00328
2017-02-17,-0.00329
2017-02-20,-0.00329
2017-02-21,-0.00329
2017-02-22,-0.0033
2017-02-23,-0.00329
2017-02-24,-0.00329
2017-02-27,-0.00329
2017-02-28,-0.0033
2017-03-01,-0.00329
2017-03-02,-0.00329
2017-03-03,-0.00329
2017-03-06,-0.00329
2017-03-07,-0.00328
2017-03-08,-0.00329
2017-03-09,-0.00329
2017-03-10,-0.00329
2017-03-13,-0.0033
2017-03-14,-0.0033
2017-03-15,-0.00329
2017-03-16,-0.00329
2017-03-17,-0.00329
2017-03-20,-0.00329
2017-03-21,-0.00329
2017-03-22,-0.0033
2017-03-23,-0.0033
2017-03-24,-0.0033
2017-03-27,-0.0033
2017-03-28,-0.0033
2017-03-29,-0.0033
2017-03-30,-0.0033
2017-03-31,-0.00329
2017-04-03,-0.0033
2017-04-04,-0.0033
2017-04-05,-0.00329
2017-04-06,-0.0033
2017-04-07,-0.0033
2017-04-10,-0.00332
2017-04-11,-0.00332
2017-04-12,-0.00332
2017-04-13,-0.00331
2017-04-18,-0.00331
2017-04-19,-0.00332
2017-04-20,-0.00332
2017-04-21,-0.00331
2017-04-24,-0.00329
2017-04-25,-0.00329
2017-04-26,-0.00329
2017-04-27,-0.00329
2017-04-28,-0.00329
2017-05-02,-0.00329
2017-05-03,-0.00329
2017-05-04,-0.00329
2017-05-05,-0.00329
2017-05-08,-0.00329
2017-05-09,-0.00329
2017-05-10,-0.00329
2017-05-11,-0.00329
2017-05-12,-0.00329
2017-05-15,-0.0033
2017-05-16,-0.00331
2017-05-17,-0.00331
2017-05-18,-0.00331
2017-05-19,-0.00331
2017-05-22,-0.00329
2017-05-23,-0.0033
2017-05-24,-0.00329
2017-05-25,-0.00329
2017-05-26,-0.00329
2017-05-29,-0.00329
2017-05-30,-0.00329
2017-05-31,-0.00329
2017-06-01,-0.00329
2017-06-02,-0.00329
2017-06-05,-0.00329
2017-06-06,-0.00329
2017-06-07,-0.00329
2017-06-08,-0.0033
2017-06-09,-0.00331
2017-06-12,-0.00331
2017-06-13,-0.00331
2017-06-14,-0.00331
2017-06-15,-0.00329
2017-06-16,-0.00329
2017-06-19,-0.00329
2017-06-20,-0.00329
2017-06-21,-0.00329
2017-06-22,-0.0033
2017-06-23,-0.00331
2017-06-26,-0.00331
2017-06-27,-0.00331
2017-06-28,-0.00331
2017-06-29,-0.00331
2017-06-30,-0.00331
2017-07-03,-0.00331
2017-07-04,-0.00329
2017-07-05,-0.00331
2017-07-06,-0.0033
2017-07-07,-0.00331
2017-07-10,-0.00331
2017-07-11,-0.00331
2017-07-12,-0.00331
2017-07-13,-0.00331
2017-07-14,-0.00331
2017-07-17,-0.0033
2017-07-18,-0.00331
2017-07-19,-0.00332
2017-07-20,-0.00332
2017-07-21,-0.00331
2017-07-24,-0.00329
2017-07-25,-0.00329
2017-07-26,-0.0033
2017-07-27,-0.00329
2017-07-28,-0.00329
2017-07-31,-0.0033
2017-08-01,-0.00331
2017-08-02,-0.00331
2017-08-03,-0.00329
2017-08-04,-0.00329
2017-08-07,-0.00328
2017-08-08,-0.00328
2017-08-09,-0.00328
2017-08-10,-0.00329
2017-08-11,-0.00329
2017-08-14,-0.00329
2017-08-15,-0.00329
2017-08-16,-0.00329
2017-08-17,-0.00329
2017-08-18,-0.00329
2017-08-21,-0.00329
2017-08-22,-0.00328
2017-08-23,-0.00329
2017-08-24,-0.00329
2017-08-25,-0.00329
2017-08-28,-0.00329
2017-08-29,-0.0033
2017-08-30,-0.0033
2017-08-31,-0.00329
2017-09-01,-0.00329
2017-09-04,-0.00329
2017-09-05,-0.00329
2017-09-06,-0.00329
2017-09-07,-0.0033
2017-09-08,-0.00331
2017-09-11,-0.00331
2017-09-12,-0.0033
2017-09-13,-0.00329
2017-09-14,-0.00329
2017-09-15,-0.00329
2017-09-18,-0.00329
2017-09-19,-0.0033
2017-09-20,-0.00329
2017-09-21,-0.0033
2017-09-22,-0.00329
2017-09-25,-0.00329
2017-09-26,-0.00329
2017-09-27,-0.00329
2017-09-28,-0.00329
2017-09-29,-0.00329
2017-10-02,-0.00329
2017-10-03,-0.0033
2017-10-04,-0.00329
2017-10-05,-0.00329
2017-10-06,-0.00329
2017-10-09,-0.00329
2017-10-10,-0.00329
2017-10-11,-0.00329
2017-10-12,-0.00329
2017-10-13,-0.00329
2017-10-16,-0.00329
2017-10-17,-0.00329
2017-10-18,-0.00329
2017-10-19,-0.00329
2017-10-20,-0.00329
2017-10-23,-0.00329
2017-10-24,-0.0033
2017-10-25,-0.00331
2017-10-26,-0.00331
2017-10-27,-0.00331
2017-10-30,-0.00331
2017-10-31,-0.00331
2017-11-01,-0.00329
2017-11-02,-0.00329
2017-11-03,-0.00329
2017-11-06,-0.00329
2017-11-07,-0.00329
2017-11-08,-0.00329
2017-11-09,-0.00329
2017-11-10,-0.00329
2017-11-13,-0.00329
2017-11-14,-0.00329
2017-11-15,-0.00329
2017-11-16,-0.00329
2017-11-17,-0.00329
2017-11-20,-0.00329
2017-11-21,-0.00329
2017-11-22,-0.00329
2017-11-23,-0.00329
2017-11-24,-0.00329
2017-11-27,-0.00329
2017-11-28,-0.00329
2017-11-29,-0.00329
2017-11-30,-0.00329
